7868,124
2683,86
11196,68
27791,58
8689,43
14020,42
14261,40
905,40
3228,38
3627,36
18024,36
29099,32
15584,30
11080,28
12168,27
26722,27
911,26
8637,26
2257,24
4949,24
18805,23
2367,23
554,22
15019,22
7105,21
23779,21
27117,21
26288,21
23928,20
12285,20
12977,20
4571,20
504,20
11679,20
18075,20
11176,20
12220,19
28653,19
23284,19
3658,19
23628,19
22484,18
9111,18
18180,18
16463,18
22246,17
25366,17
22552,17
21865,17
12688,17
18990,17
155,16
21336,16
28017,16
7061,16
20979,16
12068,16
679,16
15138,15
16406,15
18736,15
18730,15
15315,15
4220,15
14153,15
28270,15
20578,15
10702,14
20297,14
24869,14
1031,14
16540,14
12352,14
12394,14
27625,14
26614,14
8724,14
29203,14
24196,14
6571,13
28924,13
14902,13
23549,13
239,12
4452,12
19660,12
11201,12
5185,12
14694,12
15631,12
7096,12
24503,12
17389,12
25372,12
25333,12
22126,12
22280,12
8409,12
16939,11
2513,11
19862,11
26168,11
22749,11
2963,11
3151,11
22393,11
3032,11
9472,11
24193,11
24601,11
9817,11
24669,11
17640,11
19523,11
20536,11
19974,10
5848,10
251,10
9563,10
9567,10
18741,10
24461,10
23774,10
18879,10
5883,10
23612,10
21110,10
14265,10
2610,10
13390,10
25483,10
5336,10
10893,10
5627,10
18712,10
2198,10
5043,10
26619,10
6246,10
2452,10
10014,10
4324,10
83,10
27638,10
26546,9
9195,9
26523,9
25329,9
530,9
16110,9
18002,9
11882,9
22359,9
28463,9
6096,9
8693,9
4078,9
949,9
13494,9
9620,9
12541,9
19394,8
19973,8
21930,8
16722,8
21838,8
28481,8
7323,8
11022,8
23861,8
6988,8
23656,8
8278,8
5086,8
24541,8
143,8
27205,8
17959,8
14482,8
7680,8
17748,8
1392,8
527,8
25086,8
6672,8
13592,8
22556,8
20180,8
12055,7
23013,7
7963,7
22094,7
20143,7
12754,7
16818,7
8628,7
7542,7
20661,7
26728,7
21092,7
15799,7
8257,7
13020,7
7260,7
241,7
8027,7
7208,7
14580,7
19005,7
17214,7
29547,7
14294,7
4039,7
15934,7
25415,7
16821,7
25169,7
13784,7
21067,7
25260,7
12606,7
5053,6
24765,6
17606,6
7230,6
217,6
21672,6
25193,6
4411,6
9549,6
17945,6
23207,6
5598,6
24841,6
9657,6
2803,6
22583,6
28975,6
13737,6
4254,6
10970,6
9985,6
6352,6
10999,6
24942,6
17180,6
1831,6
1481,6
14048,6
6880,6
17228,6
8643,6
7409,6
3719,6
20506,6
7248,6
16331,6
28759,6
25058,6
28641,6
5067,6
1731,6
10308,6
15423,6
22313,6
5799,6
29202,6
26699,6
17706,6
6158,6
25596,6
10404,6
20386,6
8148,6
3458,6
13247,6
20045,6
23482,6
11330,6
14942,6
3313,6
20551,6
11052,6
4931,6
17061,6
21565,6
21975,6
15269,6
19891,6
11543,5
26394,5
24886,5
3740,5
24571,5
21657,5
11790,5
14415,5
22179,5
25917,5
12795,5
9486,5
1461,5
12674,5
3438,5
19993,5
12162,5
6104,5
19421,5
4479,5
7692,5
18167,5
19615,5
11000,5
14209,5
19632,5
9802,5
14796,5
24929,5
10268,5
23143,5
10282,5
28164,5
12431,5
5081,5
22664,5
11767,5
28410,5
28184,5
28985,5
17835,5
4281,5
10193,5
25570,5
12271,5
28411,5
17400,5
5833,5
25618,5
21840,5
22087,5
19217,5
2568,5
21146,5
14174,5
1335,5
15405,5
4667,5
10948,5
15390,5
18868,5
7997,5
11612,5
19416,5
2208,5
13244,5
23662,5
3804,5
13888,5
14969,5
614,5
10840,5
10726,5
2669,5
27637,5
4709,5
21919,5
21911,5
13554,5
12018,4
22482,4
3515,4
22950,4
398,4
5845,4
11280,4
8842,4
8719,4
25733,4
255,4
2729,4
9193,4
16913,4
8860,4
5267,4
10353,4
17087,4
15831,4
7936,4
23735,4
15308,4
15307,4
15811,4
3068,4
2033,4
3047,4
7737,4
19197,4
11431,4
953,4
11857,4
25651,4
21372,4
9881,4
4807,4
4808,4
8792,4
28752,4
8943,4
26972,4
14242,4
23475,4
27155,4
25420,4
3324,4
25960,4
24944,4
17512,4
21392,4
7827,4
14065,4
7567,4
22529,4
4578,4
27927,4
25212,4
1037,4
11329,4
3850,4
10240,4
749,4
1917,4
27092,4
26789,4
28662,4
22043,4
14917,4
15534,4
27346,4
25488,4
14930,4
18905,4
7465,4
26576,4
1758,4
14873,4
22029,4
12453,4
22621,4
4775,4
15911,4
5661,4
17153,4
11864,4
10908,4
20300,4
9912,4
4059,4
5814,4
22317,4
12747,4
3390,4
5403,4
20694,4
2471,4
6548,4
25669,4
15661,4
7070,4
7071,4
7850,4
14894,4
26969,4
6621,4
7059,4
18388,4
8630,4
2999,4
19166,4
2437,4
20456,4
11018,4
28876,4
21883,4
7812,4
15018,4
24645,4
15432,4
9230,4
11734,4
17060,4
29465,4
23896,4
11524,4
20902,4
11776,4
28370,4
22489,3
24887,3
24081,3
17823,3
27615,3
24704,3
178,3
10570,3
21632,3
18544,3
18097,3
12586,3
14182,3
9948,3
16217,3
934,3
14661,3
11244,3
18977,3
3913,3
6731,3
8313,3
3647,3
23698,3
21995,3
12790,3
16952,3
20826,3
15814,3
14498,3
14360,3
15365,3
28438,3
24780,3
24788,3
6211,3
10646,3
20803,3
20800,3
27415,3
1325,3
27060,3
24447,3
9671,3
7127,3
2179,3
1666,3
2826,3
16624,3
12287,3
3626,3
17470,3
29231,3
8965,3
574,3
15065,3
22321,3
19745,3
24984,3
17732,3
8173,3
19405,3
27514,3
12717,3
6148,3
24172,3
2421,3
5470,3
12737,3
25635,3
22727,3
7045,3
28525,3
1222,3
7560,3
11060,3
11328,3
16302,3
21071,3
4960,3
20037,3
24907,3
23584,3
10872,3
14795,3
7613,3
9829,3
23781,3
23782,3
4691,3
6305,3
647,3
22547,3
25272,3
2655,3
5310,3
7400,3
16500,3
9165,3
12647,3
15086,3
24715,3
4731,3
5856,3
20747,3
11578,3
16716,3
16243,3
9242,3
3699,3
16754,3
1773,3
23251,3
10778,3
8049,3
24281,3
20701,3
10690,3
17972,3
13878,3
27035,3
12189,3
11465,3
18575,3
28065,3
26516,3
10329,3
2771,3
16944,3
1739,3
29078,3
23214,3
27052,3
27056,3
2891,3
24831,3
1691,3
24242,3
28049,3
29,3
14159,3
13103,3
28453,3
15686,3
18843,3
20154,3
29197,3
26114,3
10584,3
18678,3
27406,3
27407,3
24459,3
16846,3
6326,3
13975,3
9899,3
10949,3
1591,3
1598,3
18612,3
6951,3
3185,3
3181,3
29224,3
5429,3
25933,3
29446,3
4381,3
5443,3
8446,3
360,3
16653,3
17133,3
12927,3
2438,3
10176,3
28391,3
3809,3
7552,3
1008,3
1000,3
14533,3
24344,3
25830,3
18200,3
619,3
617,3
17237,3
24060,3
4307,3
14575,3
10866,3
2368,3
25022,3
3555,3
24306,3
4172,3
5306,3
2128,3
6839,3
29445,3
11159,3
27511,3
20751,3
15096,3
7037,3
1293,3
22269,2
25289,2
24088,2
14625,2
13054,2
27618,2
7456,2
19702,2
21936,2
18937,2
11849,2
14470,2
13844,2
22240,2
27394,2
259,2
1155,2
12588,2
26608,2
16009,2
5863,2
25386,2
25381,2
12426,2
7943,2
819,2
15859,2
14451,2
3954,2
15322,2
6757,2
13093,2
26665,2
26298,2
4762,2
5803,2
23907,2
11793,2
1577,2
16972,2
17084,2
5625,2
28465,2
5620,2
5652,2
15302,2
21140,2
16768,2
26087,2
5015,2
14821,2
15159,2
12899,2
22342,2
6520,2
19014,2
11263,2
2764,2
12243,2
26871,2
19466,2
9906,2
20367,2
3665,2
3592,2
17438,2
18835,2
15173,2
3384,2
28059,2
4239,2
4238,2
5593,2
5592,2
19643,2
7297,2
26127,2
26121,2
4846,2
14165,2
17921,2
1966,2
13779,2
17453,2
20146,2
27888,2
29213,2
21768,2
599,2
24274,2
5574,2
12758,2
6101,2
27437,2
22113,2
4003,2
9301,2
29490,2
18290,2
3362,2
4750,2
14550,2
16602,2
2251,2
18465,2
11951,2
15478,2
471,2
25117,2
5458,2
28694,2
23470,2
6147,2
15672,2
15907,2
414,2
19179,2
20626,2
9340,2
14887,2
26959,2
3817,2
12736,2
27946,2
7004,2
15924,2
15921,2
6980,2
21533,2
1015,2
1010,2
21899,2
16361,2
21094,2
7822,2
1950,2
18185,2
4163,2
26180,2
11665,2
24966,2
20608,2
15638,2
15946,2
11061,2
23826,2
16564,2
14226,2
18217,2
9804,2
6665,2
4147,2
17550,2
27906,2
21684,2
29084,2
2945,2
24486,2
11304,2
1700,2
15217,2
20548,2
29473,2
29472,2
7611,2
28124,2
27328,2
9220,2
23295,2
768,2
1079,2
3135,2
15988,2
5764,2
19539,2
9846,2
1539,2
26434,2
7380,2
27508,2
15258,2
18281,2
17013,2
18275,2
18273,2
15089,2
24506,2
10740,2
28169,2
17244,2
21593,2
5330,2
5334,2
4510,2
13049,2
476,2
3190,2
11823,2
3775,2
19574,2
6203,2
15718,2
29363,2
29364,2
1282,2
13830,2
12008,2
9532,2
23019,2
13998,2
22027,2
19772,2
2199,2
20896,2
1771,2
24385,2
21628,2
18086,2
18080,2
26618,2
15828,2
14446,2
28418,2
17977,2
5667,2
17405,2
17407,2
17401,2
9392,2
7150,2
18758,2
21983,2
10325,2
7975,2
845,2
849,2
20585,2
26866,2
27446,2
17958,2
5640,2
489,2
8307,2
6724,2
6098,2
12063,2
18515,2
18519,2
7179,2
12886,2
22371,2
28621,2
25687,2
19686,2
6287,2
22963,2
2750,2
14486,2
6447,2
12435,2
12433,2
12078,2
17446,2
17449,2
17118,2
19937,2
13354,2
1533,2
646,2
29265,2
18829,2
18791,2
1672,2
642,2
23407,2
23403,2
6113,2
10678,2
7286,2
2000,2
18491,2
27401,2
1084,2
5797,2
948,2
5896,2
9479,2
9471,2
21160,2
9522,2
14119,2
15645,2
28945,2
26341,2
3983,2
27160,2
16865,2
12159,2
29225,2
18131,2
23198,2
23622,2
14292,2
16672,2
16674,2
19379,2
6152,2
2042,2
4819,2
9658,2
20411,2
24417,2
8816,2
28967,2
23878,2
16800,2
10151,2
1505,2
1962,2
13265,2
542,2
6175,2
27977,2
20470,2
26737,2
11357,2
10171,2
1803,2
13240,2
5469,2
528,2
1237,2
23669,2
16100,2
15414,2
13471,2
27950,2
20679,2
11904,2
5712,2
23340,2
12680,2
5094,2
19814,2
2410,2
18996,2
7576,2
26464,2
21693,2
18697,2
24341,2
11076,2
13787,2
28855,2
21833,2
4953,2
2160,2
14788,2
14780,2
15784,2
26894,2
28535,2
26404,2
3847,2
17232,2
27314,2
27912,2
6630,2
2626,2
7356,2
4300,2
18013,2
14573,2
23563,2
15192,2
7432,2
21225,2
6505,2
10480,2
8226,2
18529,2
9072,2
14596,2
18072,2
27539,2
29146,2
21979,2
9688,2
20519,2
20516,2
29330,2
7620,2
24519,2
24517,2
28177,2
9275,2
10051,2
26006,2
26000,2
9090,2
21581,2
14603,2
13039,2
18051,2
19540,2
22077,2
2323,2
2322,2
4644,2
17020,2
15896,2
15094,2
8775,2
28378,2
8483,2
1565,2
5639,2
8489,2
11541,1
28992,1
5987,1
27033,1
12013,1
9525,1
9250,1
24083,1
24087,1
2685,1
14626,1
20253,1
20256,1
17590,1
7186,1
16884,1
26568,1
8296,1
2306,1
16067,1
17629,1
28256,1
3774,1
202,1
10393,1
6219,1
15874,1
21427,1
24553,1
1546,1
1548,1
5619,1
23260,1
22244,1
27396,1
27390,1
2519,1
3534,1
3536,1
21925,1
18542,1
13070,1
20279,1
23071,1
12583,1
12853,1
26607,1
26605,1
4294,1
24764,1
13672,1
28930,1
17356,1
17352,1
15344,1
6908,1
7233,1
12209,1
21400,1
1704,1
5268,1
28409,1
28401,1
19813,1
23241,1
12052,1
21659,1
5077,1
10741,1
14666,1
13097,1
9389,1
1138,1
1135,1
18743,1
8058,1
22633,1
14408,1
28899,1
28675,1
28369,1
19742,1
20846,1
25500,1
10680,1
17081,1
10532,1
834,1
21462,1
22999,1
15838,1
7026,1
28183,1
18353,1
20338,1
17960,1
28286,1
23223,1
27028,1
8316,1
6734,1
6738,1
12076,1
6080,1
5014,1
13307,1
7169,1
1446,1
1119,1
23134,1
3995,1
28616,1
28617,1
8269,1
18496,1
15549,1
25349,1
6911,1
21996,1
3746,1
9487,1
20823,1
4626,1
21334,1
21338,1
22973,1
5221,1
27470,1
16396,1
23206,1
5724,1
8338,1
8339,1
9907,1
17642,1
24460,1
22405,1
13285,1
13754,1
11456,1
3590,1
970,1
20127,1
20121,1
18523,1
3382,1
1681,1
264,1
4235,1
5594,1
11204,1
22365,1
27257,1
27251,1
22099,1
2291,1
3406,1
10916,1
17331,1
7927,1
9131,1
10647,1
9138,1
16420,1
6299,1
6290,1
29375,1
21315,1
28744,1
876,1
3433,1
4595,1
14161,1
17920,1
17926,1
15345,1
3958,1
24440,1
13776,1
26333,1
26332,1
13778,1
954,1
21815,1
20147,1
16854,1
12161,1
6331,1
10452,1
6840,1
24277,1
5416,1
4216,1
11220,1
22306,1
22307,1
25308,1
23433,1
12283,1
13483,1
18489,1
12994,1
29539,1
454,1
6927,1
8375,1
28774,1
24427,1
22442,1
22447,1
3977,1
3979,1
11410,1
24844,1
20164,1
16873,1
12143,1
18296,1
18292,1
13962,1
4270,1
5557,1
18124,1
25670,1
25676,1
23984,1
16606,1
16609,1
14554,1
16460,1
26160,1
2254,1
22916,1
22915,1
2783,1
11605,1
18466,1
11954,1
14120,1
9792,1
29551,1
7089,1
8171,1
15383,1
6947,1
28201,1
13734,1
26378,1
3999,1
19402,1
27179,1
6374,1
3854,1
26973,1
5184,1
14712,1
28561,1
14240,1
1439,1
1197,1
13942,1
7522,1
377,1
16668,1
18891,1
16483,1
16481,1
2270,1
17531,1
13442,1
11624,1
7989,1
10627,1
17752,1
27961,1
20393,1
10082,1
18628,1
6968,1
12489,1
24392,1
11029,1
1385,1
27153,1
25138,1
25427,1
25424,1
16836,1
16343,1
25641,1
19829,1
9612,1
10169,1
21706,1
13272,1
14266,1
5478,1
20484,1
539,1
23676,1
27709,1
28347,1
15021,1
15024,1
23492,1
24616,1
2217,1
8528,1
17514,1
25090,1
13460,1
17772,1
17771,1
17770,1
5285,1
20668,1
21393,1
20918,1
12933,1
15617,1
7048,1
18392,1
8603,1
14695,1
14526,1
14525,1
28710,1
437,1
19113,1
21345,1
17181,1
9363,1
2159,1
13258,1
5492,1
18183,1
14567,1
519,1
29385,1
29389,1
624,1
25989,1
19328,1
22523,1
13891,1
6542,1
5936,1
16116,1
24969,1
25215,1
25214,1
25219,1
7360,1
11939,1
11936,1
11931,1
12914,1
10225,1
21511,1
24352,1
1038,1
8669,1
4081,1
13795,1
11499,1
23829,1
27111,1
8089,1
21078,1
16300,1
6398,1
6395,1
21217,1
2173,1
28135,1
9192,1
14956,1
14952,1
14227,1
23103,1
26883,1
8410,1
8414,1
11826,1
19651,1
16176,1
5912,1
11687,1
11682,1
14490,1
18958,1
2613,1
10247,1
7007,1
18683,1
24015,1
22889,1
22880,1
22887,1
742,1
24334,1
18026,1
18025,1
25820,1
5264,1
16096,1
12656,1
10879,1
19514,1
16323,1
21050,1
2374,1
21946,1
21238,1
882,1
18233,1
14794,1
4014,1
20549,1
6868,1
15514,1
7616,1
8738,1
23164,1
9140,1
26416,1
4125,1
23783,1
27096,1
19671,1
19673,1
16154,1
16155,1
26754,1
24922,1
14976,1
6057,1
6051,1
12358,1
9045,1
24070,1
4336,1
14581,1
20207,1
20206,1
17855,1
15231,1
12512,1
15233,1
28669,1
2353,1
21962,1
17690,1
6597,1
8238,1
9842,1
9848,1
3093,1
1530,1
28149,1
22095,1
10066,1
14381,1
24054,1
24059,1
22846,1
22843,1
13394,1
700,1
11889,1
11888,1
20190,1
5315,1
11083,1
27505,1
23086,1
23884,1
12576,1
12610,1
26595,1
24737,1
19882,1
7080,1
7957,1
22836,1
6820,1
15734,1
6828,1
18271,1
8818,1
8219,1
12642,1
15081,1
7654,1
16085,1
6498,1
11519,1
24507,1
28166,1
22211,1
19941,1
18967,1
17242,1
989,1
2929,1
18731,1
3174,1
3176,1
27567,1
23538,1
24409,1
25840,1
1366,1
27199,1
27191,1
7469,1
7467,1
10895,1
4683,1
13607,1
4738,1
3776,1
17032,1
15716,1
6805,1
15860,1
16670,1
26806,1
26800,1
1752,1
22989,1
28362,1
28368,1
8764,1
8767,1
8763,1
684,1
8495,1
23273,1
19381,1
6783,1
27389,1
24898,1
24892,1
26034,1
3528,1
13067,1
8028,1
8530,1
26634,1
12475,1
5876,1
4761,1
6190,1
6193,1
6199,1
2739,1
10368,1
16903,1
12212,1
24177,1
18946,1
24178,1
8851,1
805,1
14588,1
26829,1
19036,1
11101,1
8704,1
13853,1
19252,1
27019,1
19903,1
17177,1
14853,1
18558,1
13084,1
13086,1
18771,1
1995,1
18084,1
8511,1
28087,1
28885,1
19023,1
17348,1
14248,1
27228,1
141,1
20872,1
1195,1
10694,1
6242,1
14393,1
9709,1
9702,1
26843,1
5254,1
24565,1
8725,1
13872,1
5660,1
23235,1
23236,1
15311,1
19,1
7762,1
6741,1
6740,1
201,1
207,1
19258,1
22994,1
21869,1
3651,1
26077,1
12182,1
17150,1
17402,1
18572,1
15125,1
12865,1
26670,1
1107,1
22609,1
22607,1
4694,1
5834,1
11781,1
25510,1
7977,1
17094,1
8890,1
26860,1
28470,1
3074,1
20327,1
27443,1
27448,1
12491,1
29077,1
23748,1
7747,1
9936,1
19277,1
25742,1
21847,1
3677,1
11448,1
23007,1
5009,1
17429,1
903,1
14818,1
7173,1
12888,1
4221,1
8625,1
11272,1
5305,1
19680,1
9120,1
10306,1
6737,1
20831,1
11259,1
3051,1
27965,1
215,1
15681,1
29505,1
15359,1
8327,1
9914,1
9919,1
24471,1
13745,1
26308,1
13749,1
4440,1
24819,1
20152,1
21715,1
3091,1
10461,1
1415,1
19048,1
23409,1
10928,1
9458,1
9109,1
16453,1
22946,1
22947,1
3423,1
17581,1
28754,1
4582,1
11983,1
1080,1
1337,1
8698,1
8692,1
7706,1
13765,1
19457,1
19458,1
23202,1
8769,1
24878,1
12175,1
12173,1
10449,1
18808,1
8978,1
8976,1
2836,1
28221,1
3393,1
23285,1
13971,1
4262,1
23465,1
1880,1
25318,1
25642,1
23421,1
9894,1
14319,1
2249,1
24194,1
9209,1
3409,1
20695,1
9782,1
27427,1
12379,1
12964,1
15395,1
26771,1
24434,1
4019,1
11391,1
13701,1
19431,1
27161,1
17483,1
2476,1
10133,1
9315,1
21758,1
26900,1
1630,1
3219,1
569,1
2812,1
18289,1
28687,1
5529,1
43,1
6546,1
6543,1
19824,1
29442,1
23448,1
19828,1
7511,1
6154,1
22908,1
11635,1
2043,1
9413,1
10635,1
27501,1
10097,1
18630,1
12438,1
15918,1
26712,1
26716,1
4389,1
24415,1
19837,1
11378,1
27149,1
2455,1
7856,1
21844,1
194,1
12132,1
6364,1
21739,1
23157,1
14097,1
14273,1
5448,1
5445,1
28508,1
9152,1
12729,1
12728,1
6174,1
6171,1
22732,1
4835,1
4834,1
13450,1
13451,1
7990,1
11638,1
11631,1
20388,1
9295,1
11963,1
11969,1
15602,1
15931,1
15935,1
26736,1
21337,1
57,1
9991,1
422,1
1390,1
27928,1
2436,1
12110,1
3787,1
8992,1
8996,1
14074,1
14073,1
3252,1
1494,1
20048,1
18172,1
526,1
28399,1
27711,1
9640,1
15032,1
24590,1
19339,1
13883,1
24978,1
993,1
2227,1
11652,1
17760,1
27955,1
17767,1
14276,1
10232,1
7038,1
21501,1
6167,1
15959,1
6431,1
1004,1
28707,1
14536,1
17882,1
19102,1
19105,1
23831,1
23342,1
11487,1
11482,1
21085,1
16376,1
16373,1
13380,1
15887,1
13226,1
14233,1
28625,1
22,1
18196,1
62,1
1218,1
8261,1
7572,1
15434,1
16169,1
11670,1
24911,1
20617,1
17783,1
17781,1
2600,1
12327,1
12329,1
10258,1
9030,1
9031,1
29095,1
24009,1
24340,1
4366,1
22400,1
8676,1
13757,1
5736,1
25839,1
28859,1
15200,1
16572,1
25753,1
12666,1
6656,1
6655,1
4958,1
5131,1
13209,1
14784,1
18202,1
20555,1
8799,1
9834,1
22577,1
13430,1
4545,1
11696,1
27319,1
20630,1
7354,1
12346,1
22894,1
778,1
24325,1
2971,1
1041,1
5367,1
5369,1
4302,1
8651,1
15992,1
27670,1
23304,1
16550,1
14523,1
21950,1
4939,1
11730,1
14011,1
20579,1
1788,1
17393,1
18227,1
4648,1
23480,1
7606,1
26422,1
23793,1
16177,1
25029,1
25793,1
25248,1
28524,1
12364,1
20966,1
712,1
24307,1
1065,1
13017,1
4329,1
4320,1
3145,1
27659,1
23120,1
24258,1
27653,1
15249,1
7411,1
21796,1
3702,1
17664,1
1884,1
5176,1
15721,1
5590,1
6856,1
15741,1
29334,1
29331,1
8805,1
14922,1
8207,1
7624,1
7626,1
7622,1
9878,1
24514,1
1501,1
1507,1
3082,1
19475,1
22204,1
25005,1
28504,1
25009,1
25261,1
19955,1
19951,1
26005,1
4491,1
4499,1
5324,1
20184,1
1396,1
27487,1
7479,1
19096,1
26583,1
26585,1
21823,1
17641,1
17647,1
19890,1
17024,1
5151,1
5150,1
5157,1
27198,1
8005,1
24534,1
28997,0
11547,0
28993,0
11549,0
19396,0
5980,0
28566,0
22261,0
22260,0
22266,0
22268,0
25060,0
25066,0
6796,0
27371,0
27372,0
27373,0
6792,0
6793,0
6798,0
6799,0
25280,0
19970,0
16708,0
16255,0
278,0
279,0
16258,0
16700,0
16644,0
12017,0
12016,0
22488,0
12012,0
26392,0
17254,0
9258,0
10703,0
9255,0
9252,0
10706,0
24883,0
24880,0
21611,0
21610,0
26575,0
26027,0
26025,0
26028,0
22875,0
22879,0
24084,0
3513,0
3510,0
3516,0
3514,0
2689,0
2684,0
2680,0
14624,0
14623,0
25528,0
91,0
90,0
13059,0
13050,0
13055,0
8879,0
18706,0
17829,0
17826,0
17824,0
17822,0
17820,0
29383,0
27572,0
27577,0
27575,0
1173,0
23508,0
23507,0
23506,0
23057,0
23056,0
23503,0
1179,0
24252,0
27614,0
29437,0
7188,0
22953,0
2967,0
29100,0
29103,0
7183,0
7184,0
29104,0
3886,0
8549,0
12836,0
12834,0
12838,0
15281,0
8540,0
15283,0
8010,0
26624,0
26623,0
26629,0
7458,0
7459,0
28386,0
27370,0
628,0
6797,0
2030,0
23652,0
10885,0
10880,0
28382,0
10882,0
22679,0
4736,0
23122,0
22672,0
4598,0
27375,0
2318,0
26564,0
4735,0
26563,0
26561,0
24706,0
22018,0
397,0
396,0
395,0
22012,0
22010,0
22016,0
22017,0
2308,0
13618,0
4728,0
2303,0
19704,0
5843,0
16061,0
4340,0
14727,0
17626,0
3745,0
4620,0
4621,0
4625,0
13537,0
13539,0
11999,0
11755,0
11752,0
29266,0
11759,0
11758,0
16393,0
16390,0
10465,0
19564,0
16397,0
16395,0
1310,0
16399,0
11016,0
10463,0
20884,0
20736,0
20739,0
25545,0
25544,0
25547,0
25540,0
179,0
175,0
174,0
13281,0
170,0
24510,0
17541,0
21283,0
21934,0
21935,0
21938,0
21288,0
20089,0
20083,0
10390,0
10395,0
16936,0
270,0
16252,0
7211,0
7215,0
6215,0
13547,0
6213,0
12223,0
6210,0
6218,0
15879,0
15875,0
6815,0
6817,0
16705,0
29371,0
29377,0
9751,0
9750,0
11006,0
10577,0
14407,0
21426,0
18936,0
21423,0
18932,0
18933,0
18938,0
13549,0
8845,0
7668,0
7660,0
26815,0
26811,0
18822,0
18535,0
17130,0
18647,0
24551,0
24554,0
24558,0
11194,0
1547,0
1544,0
1545,0
696,0
18316,0
694,0
14471,0
28355,0
14472,0
11768,0
28422,0
8713,0
8715,0
8717,0
13848,0
18648,0
3048,0
5613,0
5617,0
5615,0
21195,0
11568,0
23267,0
23262,0
1254,0
11561,0
11562,0
11563,0
11564,0
11565,0
11566,0
23269,0
3042,0
22247,0
25040,0
25735,0
10705,0
1983,0
6778,0
27395,0
27392,0
6771,0
6773,0
9967,0
9962,0
9968,0
19918,0
16723,0
19913,0
12033,0
12036,0
12035,0
9502,0
9503,0
9506,0
9504,0
21636,0
23345,0
3686,0
3684,0
2518,0
26040,0
2516,0
26042,0
26047,0
11489,0
3533,0
3532,0
5058,0
5054,0
5055,0
4661,0
5050,0
5051,0
21291,0
10760,0
14642,0
14643,0
14864,0
14646,0
14863,0
18895,0
14645,0
14648,0
2795,0
18541,0
18540,0
22603,0
13074,0
13077,0
13079,0
26459,0
18095,0
27806,0
27804,0
27553,0
26451,0
10184,0
10180,0
10183,0
10188,0
29290,0
29295,0
1159,0
23070,0
1151,0
23076,0
23075,0
23074,0
15118,0
15114,0
15116,0
15110,0
29001,0
29125,0
29123,0
29122,0
29121,0
25897,0
29129,0
29128,0
22877,0
28028,0
8034,0
8039,0
8038,0
8529,0
12852,0
12855,0
26603,0
22878,0
22654,0
22651,0
22658,0
22659,0
26545,0
26547,0
22382,0
22380,0
22384,0
4298,0
13984,0
13986,0
13987,0
4290,0
4293,0
23381,0
23380,0
28654,0
23382,0
23389,0
24763,0
22030,0
22032,0
22034,0
22039,0
4748,0
13673,0
4741,0
19767,0
16008,0
17359,0
17609,0
17357,0
17603,0
2181,0
25382,0
13518,0
4607,0
4605,0
13512,0
25389,0
4601,0
27068,0
23926,0
15341,0
6208,0
15435,0
27231,0
27233,0
19589,0
19582,0
27238,0
19580,0
157,0
20718,0
20717,0
20716,0
20715,0
6900,0
20863,0
20862,0
6459,0
25561,0
25565,0
27063,0
19636,0
6363,0
16117,0
6909,0
6180,0
28547,0
2725,0
2722,0
6803,0
7235,0
10375,0
10373,0
10370,0
16918,0
16914,0
9746,0
10560,0
12208,0
6234,0
6236,0
12202,0
10518,0
3088,0
10513,0
10510,0
29354,0
10514,0
18950,0
690,0
24168,0
14984,0
8861,0
21404,0
21406,0
24167,0
8868,0
24163,0
818,0
812,0
814,0
26834,0
26837,0
19153,0
24151,0
5266,0
5265,0
1703,0
1706,0
5260,0
1708,0
14185,0
14184,0
5269,0
15854,0
15856,0
15853,0
15858,0
2090,0
308,0
13409,0
14454,0
11130,0
24576,0
24575,0
24574,0
14328,0
24570,0
16377,0
17986,0
3027,0
3024,0
28404,0
15586,0
8739,0
8737,0
8731,0
13865,0
4195,0
4193,0
5670,0
28425,0
8830,0
23245,0
23246,0
23242,0
8193,0
6435,0
8191,0
6432,0
15320,0
15321,0
27004,0
6438,0
6759,0
6754,0
9943,0
9946,0
9944,0
9949,0
19247,0
16745,0
16748,0
19938,0
19255,0
12058,0
230,0
20607,0
25714,0
25715,0
25717,0
17794,0
26802,0
21877,0
21655,0
21878,0
22319,0
26067,0
2538,0
2534,0
2535,0
20257,0
17167,0
17163,0
17160,0
22831,0
20255,0
5074,0
22837,0
939,0
9565,0
9566,0
932,0
10745,0
930,0
937,0
10742,0
5380,0
14669,0
14848,0
14849,0
5387,0
18563,0
18561,0
18560,0
14664,0
14665,0
18564,0
23951,0
13092,0
27828,0
27829,0
20292,0
27821,0
20291,0
9384,0
796,0
9381,0
791,0
1170,0
799,0
2142,0
1133,0
1131,0
1130,0
1137,0
4060,0
4067,0
26991,0
26994,0
7145,0
18747,0
18744,0
18748,0
8053,0
8500,0
8504,0
8055,0
12870,0
8508,0
12879,0
13585,0
2880,0
7492,0
26660,0
7490,0
26662,0
26667,0
7495,0
24299,0
23015,0
23017,0
28097,0
28098,0
24296,0
24297,0
22630,0
22636,0
22638,0
26520,0
26521,0
26527,0
26528,0
11169,0
24742,0
24746,0
24747,0
28898,0
3275,0
28676,0
14406,0
28896,0
1925,0
11160,0
4760,0
4763,0
4767,0
18365,0
26295,0
26297,0
7189,0
11245,0
1579,0
16028,0
1578,0
19038,0
19037,0
5807,0
19033,0
19746,0
16027,0
17372,0
17371,0
17376,0
25365,0
25364,0
25360,0
23900,0
23905,0
23904,0
11791,0
11797,0
27212,0
27210,0
27217,0
13099,0
25505,0
16689,0
16686,0
16681,0
4888,0
10350,0
10352,0
2705,0
2704,0
2700,0
4887,0
10688,0
7966,0
9178,0
9174,0
10686,0
9172,0
10684,0
9170,0
16979,0
16974,0
16975,0
17080,0
12268,0
6258,0
17088,0
6255,0
10530,0
10531,0
10534,0
10535,0
10536,0
14944,0
14235,0
14679,0
9713,0
9712,0
9711,0
9716,0
9714,0
3474,0
833,0
3476,0
3477,0
22993,0
837,0
835,0
8885,0
21460,0
21461,0
24107,0
20591,0
20595,0
20594,0
20597,0
26852,0
26856,0
26855,0
26858,0
19134,0
1729,0
9005,0
24292,0
13135,0
13134,0
15837,0
15835,0
7930,0
7024,0
28461,0
14301,0
7932,0
5621,0
3003,0
14304,0
28469,0
28468,0
18351,0
18352,0
20334,0
27456,0
20330,0
17968,0
27452,0
1582,0
1583,0
1586,0
3314,0
9454,0
21516,0
7704,0
2618,0
21515,0
5659,0
5656,0
5655,0
5650,0
23736,0
28280,0
23738,0
23739,0
16983,0
23228,0
23229,0
27020,0
27023,0
23222,0
23220,0
21519,0
12486,0
15309,0
12465,0
12466,0
12460,0
6410,0
7773,0
19487,0
2756,0
3914,0
19489,0
8311,0
9929,0
5996,0
9921,0
9922,0
9926,0
216,0
19261,0
19260,0
19267,0
28980,0
16766,0
23272,0
16762,0
10324,0
5943,0
6089,0
6086,0
6084,0
6085,0
12072,0
24863,0
5998,0
25770,0
25776,0
25774,0
19627,0
24865,0
21852,0
24825,0
3649,0
3644,0
3640,0
3183,0
26083,0
11476,0
11470,0
11471,0
5011,0
5012,0
17418,0
17417,0
17147,0
17141,0
17410,0
25192,0
22048,0
4418,0
4412,0
4410,0
919,0
9548,0
915,0
917,0
9540,0
20104,0
20102,0
20103,0
20101,0
27595,0
27592,0
27593,0
27599,0
27849,0
27840,0
18501,0
11810,0
11812,0
18508,0
15151,0
15150,0
15153,0
15155,0
15158,0
25720,0
29426,0
29396,0
7168,0
7160,0
391,0
17584,0
29420,0
29393,0
631,0
12895,0
12891,0
8074,0
26647,0
26643,0
26642,0
26640,0
399,0
1115,0
1442,0
1440,0
23033,0
23031,0
23030,0
22619,0
22349,0
22346,0
22613,0
22343,0
26508,0
26505,0
6521,0
4580,0
15542,0
18497,0
27730,0
4789,0
4788,0
4783,0
19015,0
11269,0
23697,0
5824,0
5827,0
5826,0
19707,0
16062,0
25698,0
25341,0
25340,0
25347,0
25694,0
25345,0
23969,0
23961,0
9676,0
23967,0
14541,0
8887,0
28266,0
27270,0
27272,0
11063,0
27277,0
29214,0
25526,0
25525,0
25523,0
25522,0
17620,0
11065,0
191,0
190,0
193,0
192,0
21990,0
21991,0
21994,0
17317,0
17319,0
12791,0
12797,0
9154,0
9157,0
9153,0
10335,0
2762,0
10338,0
2766,0
16407,0
16403,0
16956,0
9483,0
7901,0
7902,0
16409,0
12240,0
12241,0
12244,0
12245,0
12247,0
17896,0
21190,0
21191,0
21196,0
21197,0
15499,0
20822,0
20825,0
20827,0
20829,0
9736,0
9738,0
19964,0
21332,0
21445,0
4629,0
24128,0
857,0
3457,0
22977,0
22971,0
22970,0
4088,0
16242,0
17844,0
26874,0
26875,0
26877,0
28271,0
14148,0
14145,0
14144,0
14141,0
14140,0
424,0
5229,0
22490,0
5223,0
5227,0
5226,0
18816,0
13113,0
13112,0
13115,0
15810,0
13118,0
15815,0
15817,0
11183,0
17946,0
17940,0
14493,0
14363,0
28443,0
14496,0
28441,0
27473,0
20311,0
20317,0
20316,0
19562,0
23713,0
8434,0
4816,0
28276,0
29065,0
29062,0
29061,0
29068,0
23201,0
23750,0
23203,0
23204,0
23209,0
28917,0
28916,0
28911,0
27040,0
27041,0
27046,0
27044,0
497,0
15368,0
15362,0
12400,0
6477,0
26280,0
15364,0
7754,0
7757,0
7756,0
7750,0
9534,0
3938,0
3935,0
3937,0
3931,0
3933,0
8336,0
8337,0
8334,0
6716,0
27588,0
24468,0
19208,0
20361,0
20366,0
19203,0
19207,0
22157,0
22156,0
22406,0
4046,0
4047,0
4040,0
26318,0
13753,0
13752,0
26315,0
26314,0
26316,0
4048,0
13758,0
25758,0
25759,0
25750,0
25752,0
24893,0
25755,0
24803,0
24801,0
24800,0
21835,0
24806,0
24805,0
19920,0
2578,0
23357,0
2576,0
2574,0
2573,0
2570,0
2571,0
11458,0
11457,0
11452,0
17434,0
17436,0
17431,0
5036,0
5035,0
17439,0
5030,0
13325,0
13326,0
13320,0
4430,0
4433,0
13323,0
17123,0
17120,0
17121,0
17126,0
17127,0
973,0
979,0
20120,0
20128,0
27112,0
27863,0
11699,0
27869,0
10476,0
10479,0
10478,0
21945,0
29279,0
29275,0
8926,0
11870,0
18839,0
8922,0
14806,0
14807,0
14809,0
18836,0
18522,0
18833,0
18832,0
15179,0
15177,0
15175,0
15171,0
29180,0
7103,0
7107,0
14759,0
28034,0
22800,0
1680,0
18789,0
1685,0
1689,0
1688,0
18785,0
14777,0
28057,0
14772,0
28052,0
28053,0
24256,0
28058,0
28015,0
1467,0
1463,0
24784,0
651,0
4230,0
5591,0
28631,0
5595,0
28636,0
19796,0
13695,0
318,0
13906,0
11203,0
11208,0
16567,0
19077,0
4212,0
27789,0
22366,0
22367,0
22368,0
22369,0
27786,0
25321,0
25323,0
25327,0
23947,0
23416,0
23943,0
23410,0
23412,0
23419,0
23418,0
27256,0
27255,0
2693,0
22092,0
22093,0
15400,0
23637,0
8558,0
6934,0
2296,0
6641,0
14652,0
19692,0
19690,0
14655,0
19699,0
15408,0
8122,0
10914,0
19314,0
10911,0
17337,0
19313,0
17335,0
17334,0
17333,0
17330,0
9133,0
7922,0
9136,0
10644,0
10642,0
39,0
7928,0
16428,0
16429,0
16421,0
6294,0
26124,0
26120,0
28222,0
26128,0
29374,0
21319,0
21316,0
21312,0
21313,0
17592,0
22958,0
17597,0
878,0
17599,0
871,0
2740,0
2742,0
2744,0
4845,0
4847,0
5201,0
14169,0
5204,0
14163,0
11992,0
14167,0
18931,0
638,0
13413,0
13179,0
4560,0
13172,0
13174,0
18646,0
11190,0
18312,0
14342,0
14341,0
11199,0
14349,0
18649,0
17922,0
17923,0
17924,0
3040,0
17929,0
3046,0
27418,0
16305,0
20373,0
20376,0
28486,0
1097,0
1093,0
1912,0
15697,0
29048,0
29044,0
29041,0
29042,0
1324,0
23770,0
1328,0
1329,0
28936,0
23776,0
23777,0
12420,0
6906,0
8680,0
6904,0
8138,0
8684,0
12427,0
12429,0
15438,0
15439,0
11224,0
7732,0
7736,0
19199,0
19198,0
19193,0
19440,0
19196,0
8358,0
8359,0
8357,0
3295,0
20265,0
24446,0
27543,0
24449,0
22139,0
22131,0
22421,0
22420,0
22425,0
22136,0
13773,0
13772,0
13771,0
7662,0
4065,0
26337,0
5785,0
5781,0
5782,0
5789,0
3602,0
3607,0
3606,0
3605,0
28104,0
19991,0
19221,0
19999,0
11436,0
11435,0
17452,0
17450,0
17451,0
17456,0
17457,0
17106,0
17455,0
17109,0
17458,0
17459,0
13343,0
4451,0
13341,0
4457,0
4459,0
13349,0
24862,0
21813,0
21819,0
20145,0
20149,0
25650,0
16857,0
16856,0
16853,0
16852,0
12165,0
12164,0
6337,0
27886,0
27887,0
29211,0
10454,0
10106,0
9678,0
10100,0
10102,0
21767,0
11858,0
8908,0
11850,0
11851,0
8901,0
1148,0
23513,0
26938,0
26931,0
1663,0
594,0
596,0
24275,0
2829,0
24272,0
2825,0
26687,0
26686,0
2822,0
26684,0
28032,0
28031,0
5410,0
5411,0
3380,0
28035,0
14756,0
14752,0
14753,0
1408,0
1403,0
4214,0
4217,0
13900,0
13903,0
13909,0
18105,0
18102,0
20923,0
28428,0
5573,0
28357,0
335,0
336,0
28423,0
11229,0
11227,0
11225,0
28350,0
11222,0
19058,0
19051,0
19052,0
25905,0
22305,0
22309,0
25909,0
25908,0
25309,0
25307,0
25305,0
25656,0
25302,0
25653,0
23432,0
23439,0
7196,0
1497,0
16199,0
16628,0
16626,0
16197,0
16620,0
16621,0
12759,0
12757,0
6100,0
10934,0
10931,0
10933,0
16997,0
9445,0
9112,0
9442,0
9441,0
9440,0
12284,0
16448,0
12280,0
21152,0
11922,0
6109,0
11925,0
26109,0
26106,0
26100,0
21485,0
21481,0
21482,0
3416,0
12824,0
22934,0
21376,0
21377,0
3419,0
12827,0
8535,0
13489,0
4869,0
10662,0
13481,0
13480,0
13482,0
2011,0
13484,0
14101,0
18483,0
18485,0
13389,0
17717,0
17710,0
17712,0
17718,0
26633,0
13153,0
20681,0
20683,0
7446,0
20685,0
10593,0
10596,0
10597,0
10599,0
18668,0
18665,0
27435,0
27433,0
10250,0
17905,0
17906,0
20358,0
7012,0
19902,0
21522,0
12990,0
18692,0
12996,0
18695,0
12943,0
29531,0
29538,0
29022,0
1349,0
1340,0
451,0
455,0
457,0
8118,0
6929,0
15419,0
8112,0
8113,0
15417,0
4464,0
15412,0
7710,0
26744,0
26745,0
26742,0
7719,0
7718,0
5685,0
8376,0
8372,0
8370,0
8371,0
11125,0
24429,0
28952,0
28770,0
24423,0
24425,0
24426,0
22443,0
22444,0
22110,0
26351,0
26354,0
26357,0
26356,0
13716,0
19423,0
19422,0
3974,0
3976,0
6529,0
3621,0
3625,0
4286,0
11416,0
15796,0
16296,0
16292,0
17478,0
15791,0
17474,0
17475,0
17476,0
13369,0
25464,0
25465,0
13360,0
4475,0
4476,0
2951,0
24849,0
24848,0
24847,0
2464,0
20169,0
6444,0
2463,0
20160,0
20162,0
20163,0
2469,0
20166,0
5341,0
16872,0
16871,0
3417,0
12142,0
12146,0
6319,0
9653,0
9651,0
9656,0
29238,0
9304,0
10122,0
10433,0
29234,0
29233,0
10124,0
18870,0
21741,0
18872,0
21747,0
18874,0
8961,0
5847,0
8966,0
8964,0
26919,0
26913,0
26917,0
1644,0
1642,0
1649,0
1648,0
29493,0
29491,0
29497,0
573,0
572,0
387,0
577,0
18293,0
2806,0
2804,0
2805,0
1420,0
5430,0
14739,0
3369,0
1427,0
3364,0
1428,0
3361,0
1205,0
13669,0
4276,0
13964,0
13965,0
4279,0
5554,0
5551,0
18126,0
18125,0
5558,0
2016,0
8584,0
6770,0
23187,0
23638,0
23189,0
23188,0
23632,0
16011,0
6550,0
6551,0
15063,0
15069,0
6559,0
22328,0
22329,0
25920,0
25927,0
25925,0
4858,0
22320,0
22322,0
22323,0
22327,0
25679,0
25678,0
25677,0
23982,0
23455,0
23457,0
27290,0
7504,0
7505,0
9885,0
7500,0
350,0
9889,0
16605,0
16607,0
16603,0
6124,0
6122,0
6129,0
29209,0
22587,0
22580,0
10958,0
15972,0
16462,0
17639,0
16464,0
16465,0
16467,0
16468,0
27552,0
24989,0
24986,0
26169,0
2258,0
26163,0
2252,0
21351,0
24180,0
24184,0
21357,0
253,0
22914,0
16721,0
22911,0
4801,0
2787,0
16232,0
2788,0
11604,0
11607,0
11606,0
10604,0
11602,0
2073,0
2072,0
10608,0
9469,0
2074,0
11958,0
18469,0
14121,0
27985,0
17737,0
27981,0
17739,0
27989,0
9790,0
9794,0
9799,0
14389,0
18066,0
18600,0
14380,0
18606,0
18607,0
14384,0
20402,0
20407,0
20408,0
8793,0
12978,0
8905,0
15654,0
15655,0
15652,0
15653,0
29552,0
20425,0
7083,0
7086,0
7088,0
20455,0
6497,0
8176,0
15389,0
6948,0
8163,0
15473,0
15470,0
15471,0
15474,0
20724,0
20725,0
26760,0
26763,0
20359,0
27438,0
8398,0
8396,0
8397,0
8390,0
8392,0
4398,0
24405,0
24404,0
24402,0
4391,0
4395,0
4396,0
3197,0
28751,0
1362,0
3192,0
475,0
28976,0
28206,0
22469,0
22467,0
22463,0
13736,0
4022,0
26374,0
13738,0
11380,0
11382,0
11383,0
11385,0
19158,0
19408,0
19155,0
3996,0
25559,0
3991,0
23847,0
23845,0
23842,0
23841,0
23848,0
23849,0
27172,0
27170,0
299,0
290,0
24139,0
25447,0
2442,0
8097,0
2440,0
2445,0
28310,0
7866,0
7864,0
7862,0
2515,0
8090,0
16814,0
6379,0
6371,0
12123,0
6377,0
10416,0
10414,0
10145,0
10144,0
10410,0
12528,0
9639,0
9329,0
9322,0
9632,0
9633,0
9326,0
9324,0
9637,0
21729,0
21728,0
8942,0
18859,0
21721,0
8948,0
18855,0
21727,0
26971,0
26974,0
14728,0
6214,0
2738,0
3392,0
1432,0
3206,0
1993,0
3203,0
1994,0
1999,0
1431,0
3209,0
3398,0
22817,0
559,0
2865,0
2866,0
2868,0
14710,0
14711,0
28563,0
24230,0
24232,0
28568,0
24236,0
5459,0
1191,0
1193,0
1192,0
5454,0
3345,0
4259,0
4258,0
28446,0
4250,0
13943,0
18149,0
5532,0
28690,0
28696,0
18141,0
5539,0
18145,0
18146,0
4260,0
23618,0
23614,0
6572,0
15047,0
27763,0
27761,0
27760,0
27767,0
27766,0
27765,0
25948,0
12210,0
7691,0
1341,0
25941,0
3834,0
23476,0
23473,0
3839,0
23479,0
23478,0
6229,0
11102,0
374,0
16663,0
16661,0
19360,0
19361,0
6143,0
12713,0
6145,0
12715,0
14647,0
8111,0
10975,0
26498,0
25619,0
26493,0
19305,0
21112,0
21113,0
21116,0
21117,0
16488,0
16485,0
22706,0
5914,0
22709,0
26140,0
2274,0
26144,0
2273,0
26149,0
2278,0
11594,0
11592,0
11598,0
17280,0
17287,0
17538,0
17535,0
17289,0
17288,0
17533,0
17532,0
2053,0
4538,0
2056,0
4534,0
4535,0
4825,0
4822,0
4531,0
4532,0
11623,0
11627,0
7988,0
10622,0
11628,0
10624,0
17555,0
11977,0
11974,0
17759,0
17758,0
18942,0
20648,0
20645,0
20643,0
20642,0
13198,0
27994,0
13193,0
20398,0
20462,0
20464,0
20395,0
20466,0
7324,0
7326,0
16311,0
7322,0
10080,0
18443,0
21061,0
18448,0
14207,0
15678,0
4171,0
801,0
7064,0
7063,0
18624,0
18626,0
18627,0
6961,0
15904,0
15901,0
8156,0
8154,0
8150,0
24395,0
24394,0
24393,0
26703,0
26705,0
18765,0
9988,0
9982,0
9980,0
11025,0
20270,0
11026,0
14501,0
11028,0
27805,0
410,0
1389,0
1384,0
23282,0
23283,0
28226,0
28225,0
23287,0
28951,0
9021,0
11369,0
11364,0
11365,0
11363,0
19171,0
19177,0
19175,0
28954,0
22339,0
8807,0
23868,0
19284,0
19288,0
23863,0
27156,0
27151,0
1597,0
25135,0
25423,0
25425,0
22446,0
6680,0
6681,0
6682,0
2429,0
16797,0
2426,0
25315,0
16346,0
16342,0
7847,0
16348,0
7843,0
7842,0
6357,0
9341,0
9343,0
9613,0
9611,0
9349,0
10165,0
3460,0
21702,0
21709,0
1816,0
1817,0
1812,0
14883,0
1818,0
1819,0
26958,0
26956,0
26954,0
1552,0
14089,0
1608,0
3229,0
1979,0
3225,0
1600,0
1975,0
1972,0
3223,0
13277,0
13274,0
13275,0
13270,0
13278,0
20958,0
2846,0
2845,0
2843,0
5474,0
5475,0
3327,0
3328,0
322,0
20074,0
20073,0
20071,0
20078,0
20079,0
20951,0
3972,0
1551,0
20480,0
18163,0
18160,0
325,0
18168,0
5519,0
5518,0
11109,0
5515,0
5517,0
1557,0
1559,0
3034,0
535,0
533,0
531,0
23671,0
3629,0
3037,0
23675,0
24111,0
14467,0
27700,0
17999,0
27707,0
27706,0
5134,0
15020,0
15022,0
25969,0
1903,0
3813,0
3810,0
23499,0
3815,0
23496,0
23491,0
8457,0
7541,0
7545,0
7546,0
7547,0
16648,0
19618,0
16640,0
19346,0
19340,0
19341,0
19610,0
16647,0
12738,0
6160,0
6163,0
12734,0
12735,0
10992,0
10991,0
24614,0
24611,0
25637,0
25634,0
25631,0
25630,0
21139,0
24946,0
24947,0
24945,0
21135,0
9777,0
22720,0
22722,0
22723,0
2212,0
21789,0
12762,0
23136,0
17510,0
17517,0
25092,0
25096,0
25095,0
12587,0
13461,0
13464,0
11641,0
11645,0
18204,0
9426,0
17775,0
17773,0
14783,0
5283,0
5287,0
17778,0
10940,0
27942,0
27940,0
27945,0
27944,0
20007,0
21394,0
21390,0
21398,0
20914,0
27493,0
20444,0
27497,0
27499,0
27498,0
20449,0
15317,0
16474,0
29082,0
9026,0
7304,0
13929,0
9284,0
7309,0
11911,0
18423,0
18421,0
11914,0
18424,0
11916,0
15612,0
15611,0
12936,0
12934,0
12935,0
15618,0
10207,0
7047,0
7041,0
10203,0
7042,0
21539,0
18397,0
9492,0
6985,0
6981,0
26727,0
24379,0
14690,0
24375,0
2982,0
24377,0
14699,0
2985,0
1014,0
1017,0
4354,0
4355,0
4351,0
28717,0
11001,0
11007,0
22388,0
28719,0
436,0
432,0
433,0
431,0
11345,0
11347,0
11340,0
11341,0
19111,0
19117,0
5705,0
5706,0
5700,0
5701,0
5703,0
1437,0
6425,0
28860,0
6420,0
23802,0
15782,0
23804,0
23805,0
27139,0
6895,0
27131,0
27136,0
27137,0
27135,0
25402,0
25151,0
25156,0
25407,0
25409,0
21342,0
12692,0
21895,0
23383,0
12699,0
10836,0
10831,0
16362,0
21091,0
16364,0
7820,0
7825,0
21098,0
26264,0
26267,0
26260,0
28659,0
9369,0
9365,0
21273,0
21272,0
8987,0
8980,0
21275,0
1832,0
3799,0
1838,0
4980,0
2156,0
4986,0
4989,0
14068,0
14069,0
14067,0
14062,0
3249,0
3241,0
13259,0
13254,0
18980,0
18982,0
1487,0
3308,0
3309,0
28520,0
3307,0
3304,0
3302,0
28527,0
2069,0
20054,0
20055,0
20051,0
28842,0
610,0
611,0
18186,0
1276,0
13491,0
4743,0
29381,0
29386,0
29384,0
29435,0
510,0
29388,0
516,0
1227,0
622,0
1224,0
627,0
23125,0
629,0
28387,0
28381,0
1229,0
1228,0
15555,0
15004,0
9659,0
8294,0
15001,0
6531,0
8298,0
27723,0
15558,0
6538,0
6539,0
15567,0
25984,0
25982,0
3874,0
25098,0
8479,0
8477,0
8473,0
7566,0
7561,0
7568,0
24586,0
24584,0
24581,0
27192,0
19320,0
19325,0
22524,0
22522,0
22520,0
13896,0
13894,0
13895,0
4162,0
4161,0
10435,0
4169,0
29232,0
24638,0
9302,0
17354,0
18875,0
2239,0
2233,0
2234,0
2237,0
2236,0
5937,0
19637,0
19631,0
19638,0
19639,0
17571,0
17572,0
17574,0
17577,0
8427,0
3497,0
25380,0
3492,0
13401,0
13402,0
13405,0
13404,0
2092,0
2099,0
11666,0
11664,0
11662,0
11661,0
12028,0
24964,0
24960,0
24963,0
16225,0
20603,0
27922,0
20605,0
17796,0
25211,0
25213,0
25218,0
23590,0
20932,0
20931,0
20937,0
7364,0
18346,0
7367,0
12316,0
18403,0
15639,0
12910,0
15636,0
15637,0
7021,0
9003,0
10229,0
7025,0
9000,0
10224,0
10226,0
7028,0
10220,0
24036,0
24034,0
24035,0
24032,0
24039,0
20345,0
15943,0
15945,0
20349,0
24359,0
24358,0
24351,0
24357,0
1034,0
18643,0
4378,0
4370,0
4371,0
4376,0
4374,0
28265,0
14545,0
8660,0
8662,0
15491,0
25558,0
8668,0
17891,0
15498,0
17897,0
4080,0
13793,0
13799,0
4089,0
11323,0
11326,0
11324,0
19138,0
19135,0
5721,0
19133,0
19131,0
5725,0
23822,0
28846,0
23351,0
8086,0
8087,0
8081,0
8082,0
27118,0
27119,0
2665,0
22194,0
22192,0
3071,0
25179,0
25172,0
25177,0
16569,0
16568,0
19799,0
16566,0
16561,0
6645,0
12670,0
10810,0
10819,0
570,0
12537,0
938,0
21079,0
16301,0
16303,0
19864,0
19867,0
16306,0
6399,0
6393,0
6391,0
6394,0
2394,0
2809,0
2501,0
21219,0
12965,0
21212,0
21216,0
28889,0
28132,0
1850,0
1852,0
2170,0
2176,0
4964,0
14044,0
1932,0
1936,0
1935,0
1939,0
1938,0
5120,0
5122,0
29012,0
7090,0
28546,0
13238,0
28011,0
7940,0
13235,0
14954,0
10378,0
18215,0
14229,0
22828,0
18213,0
14959,0
14734,0
20039,0
22823,0
20035,0
6887,0
15792,0
6881,0
15798,0
29419,0
29418,0
29410,0
29416,0
23108,0
23102,0
23101,0
1206,0
23107,0
1200,0
15572,0
15570,0
8277,0
8101,0
8272,0
8271,0
8270,0
26885,0
26884,0
26887,0
26886,0
6239,0
8264,0
8419,0
8412,0
12520,0
8265,0
12207,0
18122,0
7584,0
9806,0
7580,0
7583,0
22504,0
22505,0
22506,0
20721,0
22508,0
26475,0
26476,0
15392,0
14855,0
5969,0
4143,0
3857,0
24658,0
3852,0
28103,0
22769,0
16148,0
18882,0
9544,0
16172,0
19650,0
19661,0
16174,0
16175,0
5915,0
19309,0
5917,0
16179,0
23790,0
17559,0
17556,0
17227,0
17221,0
17223,0
29352,0
4551,0
11688,0
8588,0
11685,0
11684,0
11681,0
27304,0
24906,0
24904,0
27302,0
27908,0
20625,0
27904,0
27903,0
20622,0
20621,0
20620,0
25232,0
8865,0
8862,0
17547,0
8863,0
16796,0
4549,0
16794,0
16795,0
6077,0
14989,0
12085,0
6070,0
2616,0
20489,0
2612,0
20483,0
20950,0
20952,0
20955,0
20486,0
20956,0
21402,0
7340,0
10026,0
10795,0
10024,0
8869,0
13432,0
7349,0
21686,0
21685,0
21683,0
21681,0
12334,0
12331,0
12332,0
9024,0
29083,0
24018,0
18687,0
24016,0
18689,0
24010,0
24012,0
24013,0
22884,0
740,0
743,0
747,0
9800,0
24332,0
2944,0
2942,0
5357,0
1051,0
5353,0
1055,0
1056,0
5350,0
5359,0
14597,0
6554,0
4313,0
4314,0
4315,0
4316,0
4317,0
18027,0
11043,0
11041,0
14560,0
24487,0
24480,0
3117,0
2371,0
15960,0
15961,0
15962,0
8648,0
26226,0
8640,0
8641,0
27918,0
20639,0
27741,0
5740,0
11309,0
5742,0
23595,0
5746,0
20284,0
11300,0
21233,0
11307,0
27681,0
27683,0
27685,0
27686,0
27687,0
25824,0
25822,0
20632,0
28947,0
28761,0
28828,0
28825,0
28824,0
28827,0
15210,0
1707,0
15218,0
24435,0
13748,0
16091,0
16094,0
16097,0
12658,0
12654,0
10878,0
10871,0
23661,0
22459,0
16321,0
16320,0
16898,0
16328,0
21056,0
21054,0
26228,0
2379,0
2375,0
26225,0
26224,0
2372,0
2373,0
21237,0
21941,0
21230,0
24114,0
1875,0
1872,0
1878,0
1879,0
4945,0
8232,0
4940,0
2119,0
2115,0
14022,0
14024,0
14025,0
1918,0
17055,0
3288,0
3285,0
3284,0
3283,0
17058,0
1916,0
13210,0
13213,0
13216,0
11136,0
883,0
18239,0
18238,0
18370,0
885,0
18231,0
18371,0
14973,0
20542,0
20015,0
9148,0
20541,0
9887,0
15102,0
24572,0
27458,0
9883,0
11138,0
6869,0
6864,0
6861,0
15773,0
6863,0
27186,0
29475,0
29474,0
29477,0
669,0
667,0
1262,0
1261,0
1260,0
663,0
1266,0
661,0
1264,0
16021,0
8788,0
8783,0
15510,0
15512,0
15515,0
10010,0
7618,0
7619,0
5106,0
7610,0
7612,0
17059,0
8433,0
18235,0
8439,0
9824,0
9823,0
9822,0
9828,0
8735,0
23161,0
23160,0
23166,0
23169,0
22560,0
22567,0
12773,0
26410,0
26414,0
26419,0
24670,0
24671,0
4129,0
4128,0
24674,0
8046,0
24676,0
4127,0
4124,0
5689,0
28129,0
28125,0
5681,0
5680,0
5683,0
5682,0
6153,0
22789,0
22784,0
22785,0
22782,0
22781,0
11518,0
16159,0
27093,0
16150,0
5971,0
19677,0
14799,0
17206,0
17205,0
25782,0
25781,0
25789,0
25030,0
25033,0
289,0
24921,0
24924,0
888,0
18237,0
2589,0
14971,0
25258,0
14972,0
25250,0
25253,0
25252,0
25256,0
27168,0
6050,0
6052,0
10004,0
16047,0
10000,0
2638,0
2635,0
2632,0
9227,0
9226,0
9590,0
12351,0
10264,0
10265,0
10267,0
3010,0
9048,0
9046,0
16141,0
3544,0
3542,0
3543,0
24072,0
24073,0
21551,0
21554,0
24075,0
12712,0
2964,0
26781,0
2960,0
26785,0
763,0
26788,0
2968,0
765,0
24314,0
24311,0
1076,0
5377,0
5376,0
5370,0
1070,0
5372,0
13007,0
13001,0
13008,0
4338,0
4339,0
4335,0
4332,0
4331,0
1285,0
14585,0
23291,0
18001,0
18003,0
27525,0
27524,0
20201,0
27520,0
27523,0
27522,0
27529,0
17853,0
17851,0
15985,0
15980,0
5768,0
23573,0
5760,0
23571,0
15187,0
27669,0
27662,0
15188,0
15189,0
18455,0
25804,0
10649,0
5409,0
28803,0
2071,0
25586,0
12444,0
28809,0
6434,0
9305,0
23311,0
23315,0
27721,0
12518,0
12440,0
12514,0
12517,0
7427,0
26164,0
7420,0
7429,0
16527,0
16529,0
6602,0
12632,0
6605,0
6606,0
6609,0
12449,0
10857,0
16385,0
21030,0
19530,0
19536,0
19535,0
19534,0
22044,0
22040,0
12184,0
12183,0
12181,0
28668,0
2358,0
2359,0
2352,0
2350,0
2351,0
2356,0
21967,0
21965,0
21788,0
21787,0
21785,0
21783,0
17691,0
17692,0
16206,0
17699,0
3734,0
4921,0
4920,0
13584,0
4926,0
4924,0
13588,0
13589,0
12160,0
11727,0
11724,0
11725,0
5162,0
5167,0
14001,0
4802,0
20780,0
17078,0
20785,0
17072,0
17073,0
4806,0
4774,0
13644,0
9695,0
14919,0
14914,0
20568,0
20565,0
20562,0
9465,0
9464,0
10600,0
4779,0
664,0
1791,0
9462,0
1797,0
6842,0
6843,0
15751,0
15750,0
15756,0
24498,0
29328,0
11609,0
14572,0
29322,0
18251,0
18253,0
18258,0
8233,0
6591,0
8231,0
8236,0
6596,0
6599,0
15538,0
15511,0
11059,0
7632,0
7630,0
7631,0
7637,0
8786,0
11956,0
16039,0
5813,0
16033,0
1241,0
643,0
1242,0
1245,0
19751,0
28494,0
28324,0
28323,0
1538,0
19245,0
22239,0
22236,0
22234,0
22235,0
22232,0
16215,0
22546,0
9645,0
4103,0
4102,0
4109,0
9641,0
24693,0
24690,0
24691,0
3377,0
28148,0
28142,0
3890,0
28146,0
3894,0
15995,0
5950,0
5952,0
5955,0
5957,0
5956,0
5958,0
11531,0
11537,0
11534,0
12056,0
25018,0
25399,0
25012,0
25017,0
25015,0
27341,0
27343,0
25271,0
25270,0
14974,0
17261,0
17260,0
6039,0
17262,0
17265,0
14450,0
6036,0
6035,0
9205,0
10060,0
9206,0
9203,0
18511,0
2657,0
2656,0
7389,0
7381,0
7386,0
7387,0
12371,0
12376,0
12377,0
18516,0
10288,0
9066,0
9069,0
10285,0
24051,0
24052,0
24053,0
21578,0
21561,0
17485,0
3567,0
3564,0
3565,0
3568,0
22840,0
13395,0
4486,0
4487,0
13391,0
20995,0
20996,0
4488,0
2903,0
146,0
704,0
2909,0
2908,0
11880,0
17107,0
11886,0
11885,0
5319,0
20196,0
5312,0
5317,0
5314,0
7671,0
13025,0
20877,0
3214,0
3150,0
18063,0
3159,0
28794,0
28793,0
28791,0
28790,0
20222,0
20221,0
27509,0
14458,0
23554,0
23556,0
23552,0
23559,0
2482,0
23088,0
23083,0
23085,0
4657,0
29156,0
29154,0
29155,0
29152,0
29153,0
25863,0
3033,0
25866,0
25864,0
23330,0
23331,0
23880,0
23881,0
23338,0
8575,0
8570,0
8573,0
15259,0
2015,0
15252,0
12573,0
15251,0
15257,0
15255,0
7408,0
16058,0
16507,0
19736,0
16050,0
19733,0
22686,0
22680,0
6624,0
12614,0
12613,0
26597,0
26590,0
26598,0
24736,0
24730,0
24732,0
29487,0
19881,0
19552,0
19887,0
19554,0
19557,0
19556,0
22060,0
13624,0
2333,0
13621,0
13620,0
13622,0
4718,0
25489,0
25481,0
25485,0
21909,0
3714,0
3717,0
15228,0
3710,0
21904,0
17676,0
17671,0
13568,0
13569,0
4677,0
4676,0
2484,0
4674,0
13562,0
13561,0
6133,0
28128,0
11701,0
7081,0
5148,0
120,0
121,0
123,0
125,0
20768,0
128,0
20764,0
17011,0
17016,0
20761,0
28121,0
29008,0
7951,0
5421,0
20509,0
5422,0
20507,0
20505,0
22833,0
7242,0
17169,0
15730,0
6822,0
6823,0
15883,0
6827,0
10543,0
10549,0
18379,0
29303,0
29301,0
16088,0
29305,0
29304,0
14931,0
8815,0
14286,0
14935,0
14939,0
8747,0
8214,0
7652,0
7655,0
14552,0
13956,0
6240,0
10589,0
9862,0
931,0
14426,0
14427,0
11144,0
14422,0
11143,0
28308,0
11148,0
936,0
12277,0
1513,0
1512,0
13819,0
13815,0
13811,0
28161,0
28163,0
11836,0
18562,0
10603,0
11832,0
11558,0
11831,0
22218,0
25071,0
25072,0
25079,0
16335,0
27363,0
19856,0
21043,0
27369,0
25299,0
25295,0
25297,0
25292,0
262,0
14991,0
16268,0
19949,0
6013,0
6012,0
6014,0
6019,0
14995,0
17249,0
8878,0
17247,0
17245,0
10736,0
10737,0
10043,0
984,0
10731,0
12395,0
26017,0
26011,0
28414,0
26018,0
9089,0
9087,0
9086,0
9083,0
24835,0
21591,0
3503,0
5087,0
22864,0
2674,0
2677,0
2927,0
18599,0
5337,0
18592,0
14631,0
14630,0
18597,0
14635,0
23192,0
13044,0
18041,0
18733,0
18739,0
17812,0
3178,0
17814,0
3171,0
27568,0
24923,0
27758,0
20243,0
27564,0
20246,0
720,0
23532,0
23530,0
23531,0
21221,0
22954,0
27623,0
27620,0
2584,0
27624,0
27629,0
25842,0
3196,0
470,0
29174,0
14733,0
28756,0
8552,0
12554,0
15275,0
12556,0
12557,0
15278,0
8006,0
8007,0
27194,0
27196,0
27197,0
28973,0
7466,0
16079,0
14478,0
16077,0
16075,0
2320,0
22668,0
22667,0
26571,0
10894,0
24711,0
24710,0
28419,0
22004,0
13603,0
13602,0
4737,0
4734,0
2319,0
4739,0
27286,0
5851,0
5858,0
17654,0
17655,0
3771,0
17657,0
17653,0
4021,0
17659,0
17388,0
4651,0
4650,0
13548,0
4658,0
19577,0
21467,0
16383,0
19573,0
19570,0
11763,0
19578,0
17031,0
17034,0
17037,0
17038,0
103,0
104,0
11120,0
21927,0
21293,0
21292,0
21294,0
21297,0
21929,0
14445,0
20521,0
28412,0
20527,0
20529,0
11127,0
23649,0
10386,0
10381,0
24562,0
10388,0
16925,0
16926,0
7269,0
16920,0
7265,0
7266,0
16929,0
7263,0
7262,0
347,0
12230,0
12233,0
24567,0
12239,0
6209,0
15868,0
6806,0
6804,0
15713,0
15711,0
6801,0
9745,0
29362,0
19154,0
9748,0
19157,0
24155,0
24157,0
21431,0
20796,0
24158,0
8839,0
8838,0
18923,0
7518,0
8831,0
18926,0
18925,0
18924,0
14477,0
26807,0
26801,0
19370,0
1756,0
1755,0
4525,0
24522,0
24528,0
6150,0
28360,0
11168,0
1280,0
11167,0
14400,0
24002,0
11162,0
14403,0
8765,0
8766,0
8761,0
688,0
1571,0
1570,0
681,0
1576,0
682,0
13836,0
13839,0
12709,0
28189,0
28182,0
14535,0
28180,0
28181,0
8497,0
8494,0
8499,0
8498,0
5995,0
23274,0
11576,0
11575,0
4186,0
11573,0
23278,0
11571,0
19389,0
19383,0
22276,0
22274,0
22278,0
22279,0
11866,0
25729,0
25727,0
25053,0
25052,0
25723,0
6780,0
27381,0
3495,0
10269,0
1246,0
245,0
1249,0
19962,0
12003,0
22499,0
26380,0
9248,0
9539,0
9538,0
9241,0
9240,0
9535,0
9533,0
24895,0
21604,0
24890,0
21601,0
3698,0
3697,0
26031,0
28096,0
24093,0
24098,0
3526,0
3524,0
3522,0
22804,0
10714,0
21552,0
10710,0
2699,0
10713,0
2695,0
2694,0
10718,0
2690,0
14875,0
14876,0
14871,0
14879,0
13065,0
1363,0
27817,0
27544,0
27811,0
27810,0
27540,0
27819,0
17836,0
1140,0
14758,0
1147,0
23048,0
23049,0
23512,0
23045,0
23042,0
23515,0
23516,0
27609,0
2966,0
27600,0
27601,0
27602,0
27603,0
27604,0
19344,0
29113,0
23724,0
29117,0
6402,0
15374,0
6400,0
8538,0
12828,0
12829,0
15298,0
15299,0
15297,0
8020,0
8533,0
8024,0
8025,0
26636,0
7442,0
26631,0
8185,0
28548,0
6877,0
22649,0
22648,0
22643,0
22390,0
22647,0
4283,0
26559,0
13997,0
4287,0
13995,0
4285,0
26556,0
26555,0
24779,0
28642,0
24771,0
24773,0
22024,0
22023,0
380,0
28891,0
4758,0
13668,0
10427,0
13661,0
13665,0
4755,0
13667,0
4757,0
6942,0
5873,0
16013,0
16014,0
11290,0
3759,0
17633,0
17636,0
17635,0
3753,0
3752,0
3755,0
1073,0
4637,0
2197,0
21015,0
11744,0
11745,0
11748,0
19596,0
19590,0
20720,0
20893,0
20894,0
20727,0
20897,0
20728,0
25556,0
25555,0
168,0
25551,0
164,0
14416,0
13293,0
13295,0
162,0
13297,0
26299,0
6196,0
6191,0
2734,0
20099,0
2736,0
2730,0
2731,0
20090,0
20094,0
20096,0
20097,0
9182,0
9180,0
9181,0
10365,0
10364,0
9189,0
19142,0
16906,0
7203,0
16908,0
7207,0
12213,0
11615,0
6226,0
12216,0
12219,0
12218,0
671,0
10509,0
9763,0
9765,0
10500,0
10503,0
29344,0
29340,0
21412,0
18943,0
24170,0
18947,0
12125,0
21525,0
8850,0
8856,0
18004,0
26828,0
26827,0
1774,0
1776,0
1772,0
27749,0
1778,0
18457,0
24542,0
18367,0
18361,0
24547,0
18362,0
27521,0
24549,0
18369,0
18368,0
28348,0
17995,0
14469,0
1554,0
17991,0
28340,0
28437,0
28342,0
28433,0
11105,0
8702,0
8707,0
8706,0
15598,0
13855,0
13858,0
19922,0
20208,0
5606,0
5602,0
16205,0
19250,0
19927,0
17723,0
28435,0
23253,0
23259,0
23706,0
23703,0
23702,0
15335,0
15334,0
27014,0
23191,0
27016,0
12459,0
22258,0
18856,0
22252,0
22253,0
22254,0
21723,0
25700,0
25707,0
23740,0
6769,0
6767,0
6766,0
6765,0
9977,0
9975,0
9972,0
16735,0
16738,0
19908,0
12022,0
16222,0
224,0
223,0
221,0
19905,0
1167,0
21620,0
21623,0
15313,0
26058,0
26059,0
23570,0
26052,0
26050,0
2504,0
26056,0
26054,0
5048,0
22827,0
5041,0
22820,0
10773,0
10771,0
9512,0
14856,0
14678,0
18886,0
18555,0
18880,0
18881,0
14671,0
14670,0
27660,0
21646,0
1257,0
13087,0
13080,0
28338,0
18772,0
18773,0
18776,0
18774,0
27837,0
27835,0
10194,0
10192,0
1996,0
28332,0
29287,0
29284,0
1129,0
1121,0
1122,0
1123,0
1126,0
1127,0
25884,0
25887,0
25881,0
25883,0
15106,0
15104,0
15105,0
25888,0
29132,0
29137,0
18082,0
2263,0
18089,0
8517,0
12596,0
8043,0
8510,0
12598,0
12599,0
8519,0
12848,0
12842,0
12840,0
12844,0
26611,0
26612,0
23066,0
23319,0
28082,0
24284,0
22625,0
22629,0
26531,0
26533,0
13574,0
24751,0
23393,0
28660,0
28665,0
28664,0
23399,0
28883,0
28881,0
13647,0
13646,0
13645,0
26284,0
13648,0
15669,0
5818,0
19029,0
19028,0
19759,0
19757,0
19024,0
19027,0
19026,0
19021,0
19022,0
17619,0
14667,0
17346,0
17342,0
17343,0
17617,0
25390,0
4618,0
25394,0
12942,0
13500,0
2709,0
4612,0
12941,0
23936,0
23934,0
23932,0
23939,0
27220,0
20708,0
142,0
140,0
20876,0
20874,0
20875,0
20706,0
149,0
25579,0
16693,0
16696,0
16695,0
2713,0
2710,0
2716,0
2715,0
7221,0
7220,0
7955,0
7954,0
7952,0
7227,0
10343,0
10340,0
9160,0
9162,0
10344,0
16961,0
16965,0
12279,0
6243,0
6245,0
6247,0
10526,0
10524,0
10521,0
13319,0
9707,0
8870,0
8873,0
8872,0
14996,0
3096,0
18969,0
8876,0
21471,0
18966,0
14998,0
18964,0
18963,0
18962,0
18960,0
825,0
821,0
26840,0
26845,0
12637,0
15446,0
26849,0
1713,0
1712,0
5250,0
14199,0
1717,0
15913,0
5255,0
14192,0
1719,0
14194,0
15821,0
15820,0
28553,0
22158,0
18343,0
11122,0
11124,0
14447,0
24560,0
23792,0
18349,0
14339,0
5533,0
3018,0
17978,0
10754,0
3016,0
17973,0
8728,0
12264,0
8721,0
8726,0
14839,0
13873,0
13877,0
5662,0
5948,0
11801,0
23233,0
23232,0
23237,0
11,0
6401,0
15,0
8188,0
18,0
8187,0
8186,0
8180,0
7766,0
3904,0
3901,0
6747,0
6742,0
9959,0
9953,0
9952,0
16202,0
16203,0
19924,0
16757,0
18979,0
19928,0
21468,0
12040,0
12045,0
12048,0
8889,0
22991,0
12918,0
18971,0
8886,0
21867,0
21862,0
14354,0
3654,0
3655,0
3650,0
24428,0
2524,0
2526,0
2520,0
26078,0
14362,0
11461,0
11460,0
11463,0
5062,0
5069,0
17151,0
17158,0
25185,0
4408,0
4400,0
13313,0
9574,0
9579,0
924,0
10756,0
927,0
5393,0
14838,0
11802,0
5399,0
11807,0
11805,0
20117,0
24412,0
24413,0
27583,0
6576,0
27581,0
27587,0
27586,0
27856,0
9397,0
785,0
786,0
787,0
9390,0
789,0
9399,0
9398,0
18576,0
18577,0
18571,0
15127,0
15120,0
6592,0
15079,0
27853,0
26988,0
26989,0
7695,0
26984,0
26987,0
26982,0
18759,0
27584,0
9396,0
8065,0
9395,0
28216,0
7482,0
28746,0
26678,0
23294,0
2899,0
2898,0
2895,0
2896,0
26676,0
2890,0
26674,0
1106,0
28068,0
23004,0
1453,0
408,0
686,0
22358,0
22605,0
22604,0
22351,0
22353,0
8898,0
1721,0
26512,0
15832,0
28609,0
13136,0
28603,0
28602,0
28605,0
28606,0
4693,0
4794,0
4795,0
4790,0
4792,0
5836,0
26368,0
5832,0
5831,0
11256,0
11253,0
5838,0
11251,0
4699,0
19007,0
19004,0
15923,0
11784,0
11785,0
6903,0
11780,0
26361,0
25373,0
23914,0
27204,0
27203,0
25511,0
25517,0
21981,0
21982,0
21985,0
21987,0
6024,0
12789,0
12788,0
17367,0
17362,0
12787,0
3000,0
10321,0
2779,0
4899,0
28467,0
2772,0
28466,0
4896,0
4894,0
9499,0
16945,0
16411,0
7978,0
16941,0
7976,0
9494,0
9147,0
12257,0
12256,0
6264,0
12253,0
12252,0
12251,0
21180,0
12259,0
21186,0
20854,0
20856,0
20857,0
17096,0
5169,0
20858,0
20859,0
9724,0
21326,0
21321,0
21323,0
8190,0
21329,0
21459,0
21458,0
22983,0
3463,0
20333,0
840,0
8896,0
17969,0
17966,0
20584,0
19141,0
26869,0
19367,0
26863,0
19365,0
16664,0
1737,0
5237,0
13629,0
13124,0
13122,0
13123,0
15806,0
15805,0
15804,0
15800,0
18328,0
3075,0
1593,0
28475,0
18325,0
18324,0
27442,0
27441,0
17951,0
17954,0
12716,0
5643,0
5642,0
12719,0
29076,0
29073,0
29072,0
28297,0
23215,0
28298,0
27050,0
27055,0
484,0
21931,0
480,0
12410,0
12413,0
12415,0
6465,0
6466,0
6467,0
7829,0
7743,0
7740,0
7741,0
7745,0
7748,0
19491,0
3920,0
3926,0
19496,0
19497,0
3928,0
12495,0
8304,0
6727,0
6726,0
6725,0
6729,0
6728,0
19279,0
19275,0
16772,0
16775,0
22164,0
26679,0
22162,0
22160,0
6090,0
6094,0
22168,0
20991,0
25749,0
25747,0
25743,0
25740,0
21668,0
21849,0
24836,0
21846,0
21665,0
24830,0
3678,0
3672,0
3671,0
3676,0
3674,0
23002,0
26094,0
26090,0
7002,0
11442,0
11441,0
11447,0
11449,0
3580,0
5001,0
3583,0
3584,0
3586,0
3587,0
17423,0
17422,0
17421,0
17132,0
17135,0
17424,0
900,0
904,0
908,0
4421,0
4427,0
4424,0
9558,0
1109,0
9555,0
25122,0
20132,0
23731,0
22355,0
27875,0
22356,0
273,0
27870,0
28289,0
27879,0
26146,0
14860,0
29247,0
29242,0
14817,0
8937,0
11865,0
14811,0
11868,0
8939,0
14819,0
15142,0
15146,0
15144,0
15145,0
7176,0
7170,0
7172,0
1696,0
1694,0
1692,0
1698,0
12884,0
12883,0
26653,0
26654,0
26655,0
26659,0
14765,0
14764,0
14766,0
24245,0
24244,0
24246,0
1472,0
28598,0
28048,0
28591,0
23021,0
28041,0
1479,0
23024,0
23025,0
23026,0
28596,0
22378,0
6411,0
22377,0
8624,0
4226,0
4227,0
28626,0
26,0
5585,0
20,0
28622,0
23,0
24793,0
24792,0
8874,0
19855,0
13688,0
13682,0
11278,0
13686,0
13685,0
19061,0
23684,0
23685,0
23686,0
23680,0
23683,0
17539,0
27329,0
25356,0
2478,0
25352,0
25353,0
5304,0
25682,0
25683,0
29450,0
14943,0
23978,0
23971,0
7907,0
22080,0
27268,0
27269,0
22084,0
22086,0
22089,0
22088,0
27261,0
27265,0
25531,0
25535,0
2285,0
2286,0
19681,0
19688,0
8315,0
2059,0
10907,0
6733,0
17309,0
6735,0
9124,0
9126,0
10655,0
10305,0
10302,0
10653,0
8230,0
16436,0
7910,0
7917,0
6595,0
7980,0
6288,0
6289,0
6284,0
26135,0
180,0
20835,0
189,0
26138,0
21303,0
10620,0
12133,0
21308,0
11629,0
869,0
3449,0
3445,0
3444,0
22964,0
3441,0
2220,0
22961,0
2024,0
15450,0
2027,0
2753,0
12135,0
3148,0
10403,0
5213,0
5210,0
14157,0
14154,0
14155,0
14150,0
5219,0
28267,0
9333,0
12318,0
13106,0
13102,0
18654,0
10159,0
14483,0
14488,0
18658,0
28458,0
14378,0
14379,0
17937,0
14373,0
14370,0
20309,0
27466,0
27467,0
27968,0
19262,0
214,0
20641,0
29509,0
29504,0
17756,0
29501,0
6509,0
29502,0
1316,0
1313,0
1312,0
28909,0
6445,0
15352,0
15350,0
6918,0
27070,0
6339,0
7728,0
7729,0
7720,0
7727,0
19477,0
3946,0
6701,0
8324,0
6706,0
19732,0
9916,0
24477,0
24474,0
29392,0
24470,0
19216,0
22148,0
22416,0
22146,0
22147,0
22142,0
13747,0
4053,0
4052,0
4050,0
26306,0
26307,0
3613,0
3619,0
2561,0
23097,0
11423,0
5776,0
11427,0
11426,0
17117,0
17114,0
17445,0
17111,0
17119,0
4441,0
13352,0
13357,0
4447,0
967,0
962,0
963,0
969,0
24815,0
24816,0
24811,0
20153,0
20155,0
20156,0
20158,0
1535,0
644,0
27899,0
27898,0
27895,0
27894,0
27897,0
27893,0
27892,0
10466,0
10464,0
29267,0
29260,0
29261,0
10460,0
29269,0
1969,0
28593,0
29149,0
27825,0
28008,0
8911,0
8914,0
18826,0
18824,0
11843,0
11842,0
23891,0
22549,0
15162,0
15164,0
15166,0
5190,0
7113,0
29193,0
29191,0
7117,0
23323,0
7119,0
18795,0
707,0
1675,0
1670,0
5810,0
28023,0
28024,0
4100,0
24262,0
24260,0
24265,0
1418,0
4208,0
4209,0
13911,0
4201,0
13917,0
4204,0
5567,0
3822,0
300,0
11213,0
11211,0
11214,0
19049,0
19047,0
19046,0
19043,0
22314,0
22316,0
27792,0
27793,0
27796,0
12563,0
27794,0
27795,0
25332,0
25330,0
25331,0
25336,0
25335,0
25338,0
25339,0
23950,0
23952,0
23953,0
23400,0
27242,0
27243,0
27245,0
27246,0
3898,0
4892,0
3892,0
16180,0
16187,0
16186,0
16184,0
16633,0
16632,0
6118,0
12748,0
6114,0
6117,0
12740,0
6112,0
17328,0
17320,0
10929,0
17325,0
17327,0
7282,0
7933,0
10673,0
9456,0
10670,0
9450,0
9452,0
9101,0
16988,0
21148,0
17145,0
21145,0
21144,0
21141,0
16986,0
21142,0
12296,0
12295,0
26111,0
16404,0
26115,0
20816,0
28243,0
22944,0
21368,0
22943,0
21493,0
21360,0
21363,0
21490,0
21496,0
21495,0
6263,0
3428,0
17588,0
6260,0
17587,0
17582,0
626,0
4587,0
4581,0
4852,0
4583,0
15906,0
18495,0
6268,0
12628,0
28244,0
17090,0
10580,0
13168,0
10586,0
13162,0
20850,0
13160,0
18672,0
11186,0
11187,0
18674,0
8622,0
17919,0
17914,0
17912,0
20369,0
27403,0
27400,0
18973,0
1086,0
1082,0
12987,0
12985,0
12980,0
12988,0
5503,0
29039,0
29529,0
29528,0
29032,0
29035,0
29034,0
29524,0
25020,0
447,0
446,0
444,0
6932,0
15401,0
6931,0
6936,0
8128,0
8126,0
6938,0
8696,0
8691,0
8690,0
7707,0
26757,0
38,0
7703,0
33,0
26758,0
7708,0
21454,0
19182,0
8343,0
28920,0
28922,0
24455,0
24457,0
28929,0
24452,0
22434,0
22435,0
22995,0
5133,0
22439,0
26326,0
22129,0
3462,0
13768,0
4076,0
13762,0
19455,0
5791,0
19453,0
19459,0
5798,0
3639,0
3633,0
3631,0
3469,0
11406,0
11404,0
11409,0
19980,0
19987,0
19236,0
19238,0
19988,0
19989,0
2345,0
17461,0
25474,0
25477,0
25473,0
13377,0
13375,0
13374,0
13371,0
13370,0
5132,0
20589,0
943,0
941,0
24872,0
24870,0
24871,0
21804,0
20170,0
16845,0
19875,0
16849,0
23059,0
12174,0
6321,0
6329,0
6328,0
14504,0
9665,0
9664,0
29206,0
29204,0
9660,0
6569,0
10115,0
9669,0
18804,0
18806,0
18801,0
21770,0
21771,0
6565,0
8970,0
8971,0
9542,0
14509,0
7139,0
7133,0
26922,0
26920,0
26921,0
8526,0
23288,0
12837,0
1388,0
1654,0
1655,0
26694,0
587,0
585,0
26690,0
26691,0
580,0
26693,0
26698,0
588,0
24201,0
28223,0
24203,0
24202,0
28730,0
2837,0
2835,0
14729,0
28732,0
3396,0
28007,0
28227,0
28003,0
14724,0
1438,0
5230,0
28737,0
28736,0
13976,0
4268,0
13978,0
18114,0
18112,0
5548,0
5540,0
8598,0
8592,0
18507,0
5893,0
5894,0
5899,0
11234,0
4664,0
25914,0
25910,0
25911,0
22337,0
22333,0
22330,0
25648,0
25311,0
25312,0
8443,0
25643,0
25640,0
13570,0
23424,0
23426,0
23420,0
23423,0
17263,0
8449,0
323,0
9893,0
16612,0
16615,0
22593,0
12768,0
22594,0
6132,0
6037,0
3072,0
16476,0
16475,0
16470,0
9207,0
24990,0
21165,0
10064,0
26171,0
26172,0
2240,0
21344,0
24195,0
20324,0
9208,0
3403,0
3405,0
3404,0
22925,0
3408,0
22928,0
17009,0
12550,0
4870,0
4873,0
4872,0
20321,0
2068,0
10610,0
13498,0
130,0
10617,0
10616,0
2060,0
13493,0
2790,0
2791,0
2064,0
2067,0
18478,0
14115,0
18474,0
14118,0
18472,0
17702,0
17703,0
17701,0
18957,0
17708,0
20698,0
20699,0
13145,0
24122,0
20696,0
9786,0
16656,0
9788,0
9789,0
19358,0
18611,0
19601,0
20340,0
20342,0
20343,0
20433,0
27426,0
27429,0
20438,0
12555,0
8210,0
6178,0
6179,0
12969,0
29541,0
29016,0
7093,0
29010,0
7098,0
8107,0
1358,0
469,0
468,0
466,0
1357,0
1355,0
1354,0
15399,0
6482,0
6480,0
15464,0
26777,0
26779,0
12559,0
8365,0
8367,0
15454,0
10289,0
3184,0
24438,0
28765,0
28944,0
24432,0
24430,0
24436,0
24437,0
28769,0
22103,0
22456,0
22106,0
22108,0
24602,0
26343,0
26346,0
11397,0
11396,0
13709,0
4012,0
11399,0
11398,0
19430,0
19435,0
19439,0
3980,0
5796,0
23857,0
23851,0
23853,0
23852,0
27165,0
281,0
16281,0
282,0
284,0
16286,0
25109,0
21121,0
25104,0
25101,0
25103,0
23032,0
24858,0
14700,0
24851,0
24855,0
24856,0
22688,0
2470,0
17488,0
7875,0
23742,0
7870,0
7871,0
6309,0
12154,0
20999,0
6307,0
6306,0
6300,0
6303,0
12153,0
10134,0
10136,0
10132,0
9648,0
9317,0
29221,0
29223,0
9643,0
18863,0
21759,0
18864,0
21573,0
18869,0
26904,0
9569,0
488,0
3210,0
3211,0
1989,0
2815,0
2816,0
29488,0
561,0
29486,0
563,0
567,0
18286,0
14706,0
18284,0
18282,0
14250,0
14701,0
14252,0
24225,0
24223,0
24221,0
1188,0
28573,0
3375,0
28570,0
1182,0
28576,0
3371,0
3370,0
6461,0
6462,0
13957,0
4247,0
13955,0
13954,0
13953,0
4240,0
13950,0
28683,0
5523,0
28685,0
18139,0
28686,0
45,0
12447,0
23197,0
23623,0
23620,0
23621,0
15074,0
15075,0
15073,0
6541,0
27754,0
25935,0
25932,0
23994,0
23997,0
23990,0
23999,0
3924,0
12436,0
15596,0
345,0
341,0
349,0
19375,0
19374,0
16675,0
12701,0
12702,0
12704,0
10967,0
10962,0
10969,0
25664,0
25666,0
26480,0
26483,0
26485,0
8302,0
16499,0
16498,0
16491,0
22715,0
22711,0
4837,0
4520,0
26153,0
15527,0
26159,0
25591,0
25594,0
25595,0
2262,0
2260,0
25599,0
2266,0
2267,0
5821,0
5820,0
8202,0
22900,0
22901,0
22905,0
22906,0
4813,0
4810,0
4814,0
15536,0
19013,0
2048,0
11610,0
10638,0
10633,0
14138,0
18459,0
11260,0
15535,0
11946,0
11942,0
18456,0
14136,0
28797,0
17728,0
11082,0
27998,0
17725,0
17722,0
9345,0
11087,0
18064,0
20419,0
20417,0
20412,0
15532,0
10091,0
10096,0
10094,0
10098,0
8235,0
28969,0
20228,0
20658,0
12949,0
15663,0
15662,0
15660,0
8234,0
17741,0
7079,0
7075,0
14395,0
18635,0
14390,0
18632,0
8683,0
14399,0
18639,0
15915,0
12490,0
8167,0
8166,0
15441,0
15449,0
26719,0
26718,0
26711,0
26714,0
8389,0
8388,0
8387,0
8385,0
8384,0
8383,0
8382,0
8380,0
24411,0
6092,0
24419,0
4387,0
25346,0
1370,0
1372,0
1374,0
1379,0
28961,0
28214,0
28747,0
28966,0
22471,0
22473,0
13720,0
13721,0
13723,0
4037,0
4036,0
4038,0
11375,0
11371,0
11370,0
19149,0
19144,0
19413,0
19414,0
19417,0
23873,0
23872,0
27144,0
27148,0
25439,0
11151,0
25433,0
25432,0
25434,0
25124,0
2457,0
2456,0
16808,0
16802,0
16807,0
6362,0
6361,0
12134,0
9335,0
10153,0
10402,0
10157,0
10406,0
10155,0
10409,0
9290,0
21841,0
9629,0
9621,0
9626,0
18849,0
21738,0
21732,0
18841,0
21730,0
18844,0
3227,0
26962,0
26963,0
26964,0
26968,0
14096,0
23333,0
14091,0
28209,0
3232,0
5199,0
3237,0
3234,0
5197,0
3239,0
1613,0
5192,0
13264,0
13266,0
13260,0
2872,0
2876,0
2542,0
18436,0
14272,0
3350,0
28517,0
28519,0
14278,0
20063,0
5442,0
5441,0
20068,0
5509,0
5506,0
18153,0
18157,0
2849,0
547,0
12928,0
23604,0
23606,0
23601,0
23603,0
27774,0
12792,0
27777,0
27779,0
15058,0
15059,0
15054,0
15055,0
6566,0
6560,0
7685,0
7682,0
8569,0
25951,0
4010,0
3827,0
3826,0
3326,0
3821,0
3828,0
8444,0
8440,0
3329,0
10334,0
366,0
365,0
362,0
7530,0
361,0
16129,0
16657,0
16124,0
16655,0
16126,0
23370,0
16650,0
6177,0
12722,0
10988,0
7909,0
10984,0
10986,0
9489,0
10983,0
25602,0
24606,0
24603,0
25605,0
24608,0
24955,0
24954,0
24953,0
21120,0
22731,0
22736,0
22735,0
22734,0
22739,0
19738,0
2203,0
2206,0
2209,0
11586,0
11587,0
17136,0
21389,0
21381,0
16501,0
17297,0
17290,0
17520,0
6274,0
4839,0
4528,0
4831,0
13457,0
4833,0
7993,0
7995,0
9437,0
5299,0
5297,0
5290,0
13180,0
13181,0
27978,0
27979,0
27974,0
20655,0
17746,0
17747,0
21793,0
8638,0
6994,0
20382,0
20389,0
20472,0
20473,0
20471,0
20476,0
20477,0
20474,0
9293,0
7335,0
9291,0
9297,0
18433,0
11967,0
11960,0
18434,0
12924,0
15606,0
15609,0
15608,0
10215,0
5697,0
7053,0
7054,0
14785,0
18381,0
8149,0
15937,0
8633,0
8631,0
26735,0
14318,0
26738,0
24383,0
58,0
2990,0
2993,0
2994,0
21442,0
53,0
21444,0
2992,0
2995,0
9990,0
9992,0
9994,0
11036,0
11037,0
14515,0
28230,0
14511,0
28238,0
28239,0
28728,0
1397,0
420,0
1393,0
28727,0
19885,0
19164,0
19165,0
19167,0
19160,0
11350,0
19169,0
11354,0
6412,0
23672,0
19291,0
19294,0
23814,0
23817,0
23816,0
27128,0
27120,0
27123,0
27125,0
25142,0
25412,0
25146,0
25418,0
2335,0
6699,0
6698,0
6690,0
2433,0
2432,0
16356,0
16354,0
16823,0
16825,0
16829,0
9257,0
7837,0
6346,0
6349,0
6348,0
17199,0
17197,0
17195,0
17191,0
17190,0
9357,0
9604,0
9354,0
9609,0
10172,0
10177,0
21246,0
21245,0
21243,0
21717,0
11032,0
13616,0
1807,0
8998,0
3781,0
1801,0
8993,0
8991,0
4997,0
4992,0
4993,0
6511,0
14078,0
14071,0
14072,0
3259,0
1941,0
3254,0
3255,0
2850,0
2853,0
2855,0
5461,0
1492,0
1493,0
5464,0
5466,0
5468,0
14213,0
28533,0
28532,0
20043,0
20047,0
5437,0
18173,0
18176,0
3077,0
12519,0
15818,0
524,0
8930,0
18517,0
1230,0
23665,0
8286,0
8287,0
27716,0
27717,0
27715,0
27718,0
27719,0
25970,0
25971,0
15813,0
25976,0
15033,0
6500,0
15034,0
3805,0
3800,0
3803,0
3802,0
8465,0
7559,0
7558,0
24591,0
24593,0
24598,0
7555,0
16109,0
16108,0
16103,0
19330,0
19335,0
19337,0
16104,0
22287,0
22538,0
22534,0
22536,0
22530,0
22533,0
13884,0
4177,0
13880,0
26445,0
26447,0
26446,0
17947,0
24627,0
24625,0
25620,0
25621,0
25622,0
24628,0
24979,0
24973,0
24971,0
24970,0
24977,0
24975,0
22759,0
18333,0
22751,0
22753,0
3069,0
22757,0
22756,0
28444,0
2226,0
7392,0
26197,0
26194,0
14495,0
10724,0
12513,0
20313,0
17506,0
17503,0
17508,0
17509,0
13472,0
13473,0
4509,0
13479,0
2086,0
2087,0
2084,0
11659,0
11653,0
11651,0
20676,0
27951,0
27952,0
129,0
16138,0
19616,0
16134,0
20450,0
27483,0
20454,0
20903,0
20457,0
19612,0
27489,0
20909,0
5211,0
11035,0
7314,0
7311,0
7310,0
7312,0
12307,0
11901,0
12300,0
11905,0
18412,0
15628,0
12907,0
12906,0
15624,0
15622,0
15620,0
10230,0
7034,0
9011,0
10235,0
12731,0
9018,0
12732,0
24025,0
24024,0
24027,0
24026,0
21500,0
21503,0
24022,0
24028,0
6164,0
6166,0
15483,0
15482,0
15481,0
15952,0
15485,0
7784,0
7783,0
7780,0
14681,0
14688,0
1006,0
1003,0
1002,0
4345,0
27722,0
28252,0
28257,0
28706,0
28709,0
11017,0
11010,0
14531,0
14532,0
17880,0
17883,0
17887,0
25638,0
11337,0
11338,0
19101,0
19107,0
11483,0
11481,0
27101,0
3303,0
25167,0
25165,0
7244,0
16596,0
16599,0
12471,0
21889,0
12682,0
12686,0
12687,0
21881,0
21885,0
21887,0
10822,0
28045,0
10820,0
10821,0
10829,0
7817,0
7811,0
1306,0
21086,0
19817,0
9276,0
9588,0
26275,0
26273,0
26270,0
26271,0
9379,0
9371,0
4490,0
9377,0
9376,0
21263,0
1829,0
1828,0
1827,0
1822,0
2413,0
2412,0
13388,0
2417,0
2416,0
4498,0
4970,0
18823,0
4972,0
15886,0
1920,0
3277,0
1922,0
15884,0
3272,0
3273,0
1926,0
14055,0
6825,0
14134,0
13220,0
13224,0
14236,0
18994,0
14946,0
14238,0
27,0
5487,0
3315,0
5482,0
5480,0
20029,0
20021,0
14104,0
6473,0
18197,0
6474,0
28937,0
18587,0
509,0
506,0
29425,0
29422,0
29391,0
500,0
29421,0
1213,0
1210,0
1211,0
634,0
1217,0
637,0
23640,0
23137,0
23643,0
23130,0
15546,0
15547,0
8268,0
15543,0
6527,0
27734,0
27737,0
7839,0
25997,0
25994,0
19834,0
25990,0
25991,0
19835,0
16353,0
3869,0
3863,0
3861,0
3866,0
8400,0
19468,0
4051,0
9818,0
9819,0
7577,0
9814,0
9815,0
9813,0
8814,0
15437,0
6341,0
3936,0
14938,0
22511,0
26468,0
4156,0
4157,0
4154,0
18901,0
26465,0
12118,0
28117,0
28111,0
28112,0
24640,0
25099,0
4511,0
6718,0
22771,0
4515,0
6714,0
11279,0
19315,0
5901,0
16165,0
19312,0
5904,0
16166,0
5908,0
3488,0
17560,0
17561,0
3482,0
8742,0
13412,0
9421,0
13410,0
13411,0
4567,0
13417,0
4569,0
11675,0
11676,0
11677,0
11644,0
24917,0
27932,0
20611,0
20615,0
20618,0
27939,0
25206,0
25207,0
25200,0
25209,0
16787,0
16786,0
24149,0
16783,0
16782,0
28784,0
16788,0
6065,0
12096,0
6062,0
2604,0
2605,0
28490,0
2601,0
2602,0
20927,0
2608,0
2609,0
24023,0
10781,0
10780,0
10039,0
10038,0
10789,0
10788,0
138,0
21695,0
21697,0
8137,0
21690,0
21692,0
7373,0
7372,0
7370,0
7376,0
7375,0
23173,0
12322,0
12326,0
11920,0
11921,0
11923,0
11924,0
4927,0
11926,0
11927,0
7019,0
29096,0
7015,0
10255,0
29092,0
10257,0
29090,0
18690,0
24001,0
21520,0
21527,0
24004,0
18699,0
18698,0
752,0
750,0
757,0
24346,0
8999,0
2954,0
24348,0
24349,0
1026,0
1020,0
5349,0
4361,0
18034,0
1196,0
18032,0
18039,0
18038,0
28278,0
11078,0
11079,0
11073,0
3106,0
3101,0
3102,0
8672,0
15975,0
8675,0
8679,0
8678,0
15978,0
13783,0
4090,0
23587,0
23582,0
11319,0
13751,0
11315,0
5738,0
23589,0
11310,0
19128,0
27693,0
19120,0
19121,0
19126,0
19127,0
25837,0
27444,0
26310,0
20916,0
23364,0
12525,0
8095,0
8094,0
15203,0
15202,0
12529,0
15208,0
8099,0
9864,0
22189,0
22180,0
22184,0
16578,0
16579,0
16574,0
16570,0
6653,0
6652,0
10808,0
10804,0
10806,0
10800,0
2125,0
6384,0
16319,0
6382,0
16312,0
21065,0
19876,0
19874,0
16315,0
2382,0
26258,0
2384,0
2386,0
26254,0
2388,0
17809,0
26253,0
21832,0
21209,0
21201,0
21206,0
21204,0
1849,0
1844,0
4959,0
2169,0
2167,0
2163,0
14030,0
14032,0
14039,0
14038,0
17046,0
17040,0
1908,0
1909,0
5137,0
5136,0
1905,0
1902,0
17048,0
5130,0
13206,0
11910,0
14961,0
14960,0
14782,0
20006,0
20559,0
15266,0
12811,0
27189,0
12812,0
15780,0
6893,0
6892,0
15785,0
15787,0
29407,0
15614,0
17300,0
27182,0
27181,0
12938,0
1278,0
1279,0
618,0
1270,0
1272,0
1273,0
616,0
8798,0
15569,0
8240,0
8241,0
15560,0
8245,0
26890,0
5462,0
8426,0
3593,0
8425,0
8420,0
3334,0
1498,0
17437,0
1499,0
9838,0
9831,0
9836,0
9837,0
23115,0
23116,0
15039,0
23119,0
22576,0
26401,0
26402,0
26405,0
26406,0
26408,0
24663,0
4131,0
4133,0
4137,0
5693,0
12609,0
5696,0
3844,0
22795,0
22797,0
760,0
16046,0
16149,0
19668,0
19667,0
5962,0
7914,0
5966,0
16140,0
17548,0
17549,0
16513,0
17540,0
17231,0
13438,0
13439,0
13431,0
4543,0
4542,0
4544,0
11698,0
6638,0
11694,0
27739,0
27317,0
24933,0
24932,0
27318,0
2594,0
27919,0
2593,0
20631,0
20636,0
25224,0
25227,0
25220,0
25221,0
25222,0
27492,0
26137,0
6041,0
6049,0
2621,0
2627,0
20943,0
20946,0
9582,0
7350,0
9580,0
9586,0
20674,0
9234,0
9235,0
9236,0
9589,0
9232,0
1913,0
12348,0
12341,0
12347,0
9409,0
10276,0
10272,0
9051,0
9053,0
9055,0
9057,0
21548,0
24061,0
24063,0
24064,0
24066,0
22898,0
20490,0
22893,0
20498,0
776,0
771,0
26794,0
773,0
772,0
24323,0
24321,0
72,0
2976,0
24378,0
1042,0
1040,0
1047,0
1045,0
4306,0
4304,0
14574,0
14577,0
11058,0
14579,0
18018,0
24496,0
24497,0
3123,0
17846,0
3126,0
16136,0
15994,0
8654,0
5751,0
23568,0
23564,0
23561,0
15197,0
15196,0
15191,0
27674,0
15199,0
18641,0
3447,0
28393,0
23308,0
28839,0
28832,0
28836,0
15222,0
15227,0
1233,0
7435,0
16556,0
2022,0
16552,0
16559,0
6674,0
6677,0
16089,0
12640,0
6670,0
6673,0
16082,0
12648,0
16084,0
13633,0
9312,0
10868,0
10863,0
10861,0
8283,0
16883,0
16881,0
19854,0
16887,0
19500,0
19501,0
19859,0
16889,0
19509,0
26239,0
2362,0
26234,0
21954,0
21955,0
21952,0
13284,0
14521,0
14520,0
17682,0
1867,0
17680,0
1869,0
3720,0
3723,0
4685,0
13593,0
4938,0
28246,0
4689,0
11733,0
11732,0
2103,0
2101,0
2104,0
5114,0
5116,0
14019,0
1610,0
14015,0
14014,0
17062,0
20798,0
10489,0
5218,0
10481,0
22208,0
14908,0
14901,0
20572,0
20575,0
1783,0
17643,0
6878,0
15766,0
6876,0
6871,0
15761,0
29463,0
29464,0
7390,0
23487,0
8220,0
678,0
676,0
4442,0
672,0
18834,0
15502,0
15500,0
15501,0
15507,0
7605,0
7602,0
7601,0
7600,0
13550,0
18306,0
13557,0
13556,0
9851,0
9856,0
9857,0
9858,0
18653,0
28483,0
1525,0
1526,0
23171,0
23176,0
1253,0
28484,0
28334,0
23178,0
28333,0
1259,0
22555,0
22220,0
26429,0
4111,0
26426,0
26420,0
24689,0
7101,0
24685,0
24684,0
24687,0
24683,0
28159,0
17932,0
9175,0
7891,0
23145,0
28452,0
23797,0
23794,0
5942,0
5940,0
23791,0
23798,0
27086,0
3346,0
10734,0
25794,0
25027,0
25024,0
25791,0
25792,0
27334,0
27335,0
27331,0
27333,0
27460,0
19629,0
25249,0
25240,0
25246,0
25244,0
25245,0
20757,0
6028,0
6029,0
17216,0
17212,0
6021,0
6023,0
17218,0
3029,0
10070,0
10072,0
10079,0
2641,0
2643,0
19625,0
18782,0
9213,0
9210,0
9216,0
12368,0
10298,0
9078,0
9079,0
21567,0
21563,0
21562,0
24041,0
21560,0
24048,0
22288,0
3553,0
3552,0
3550,0
3559,0
20960,0
2914,0
2916,0
2919,0
5300,0
5302,0
5303,0
1064,0
13012,0
13011,0
4327,0
4326,0
18078,0
3149,0
14593,0
14590,0
27537,0
20214,0
17868,0
20212,0
27533,0
17863,0
1359,0
5779,0
23548,0
27133,0
23541,0
5775,0
23094,0
5777,0
23096,0
12705,0
24259,0
27654,0
25879,0
29147,0
29140,0
25871,0
25875,0
29148,0
23327,0
23890,0
28813,0
23895,0
28815,0
23321,0
23898,0
23329,0
25403,0
3967,0
12560,0
15243,0
7410,0
7417,0
25894,0
16536,0
16534,0
3105,0
12620,0
6617,0
12627,0
12624,0
6619,0
10841,0
10844,0
10847,0
10848,0
28586,0
21022,0
21026,0
19525,0
19526,0
19521,0
12198,0
22055,0
22052,0
3507,0
22058,0
26210,0
26211,0
2347,0
26216,0
26219,0
23768,0
2349,0
2348,0
22754,0
25494,0
25493,0
21974,0
21977,0
21971,0
21973,0
1889,0
1885,0
17661,0
17660,0
17662,0
2121,0
2123,0
2122,0
13579,0
4669,0
4918,0
4919,0
13575,0
13576,0
4913,0
4662,0
15426,0
15353,0
12432,0
6833,0
15422,0
133,0
20779,0
136,0
134,0
20775,0
139,0
17002,0
17005,0
17006,0
9689,0
6448,0
9683,0
15358,0
9685,0
28630,0
7250,0
7251,0
7252,0
15745,0
29313,0
15748,0
22951,0
14927,0
14925,0
14924,0
18245,0
8809,0
14929,0
14928,0
6583,0
6582,0
8758,0
6584,0
6588,0
8750,0
8751,0
7628,0
21095,0
9879,0
13961,0
9875,0
9870,0
9871,0
11157,0
11150,0
14433,0
24515,0
11158,0
28319,0
1506,0
3941,0
3087,0
23153,0
23154,0
28316,0
658,0
22205,0
18917,0
13805,0
13803,0
3887,0
28174,0
3883,0
17779,0
3889,0
3888,0
22083,0
11523,0
11528,0
18046,0
18047,0
18425,0
25003,0
27357,0
25263,0
25264,0
25266,0
25267,0
16276,0
16272,0
20670,0
16279,0
6007,0
6004,0
6005,0
17766,0
27953,0
17273,0
17271,0
17276,0
17277,0
17275,0
16112,0
7395,0
997,0
9273,0
10059,0
10058,0
10056,0
7399,0
10722,0
12388,0
27785,0
12386,0
12381,0
12380,0
26007,0
9098,0
27566,0
25324,0
5098,0
5099,0
17491,0
3575,0
22857,0
5093,0
22852,0
22853,0
5097,0
4497,0
4494,0
20989,0
20986,0
20984,0
2939,0
2936,0
2934,0
2935,0
18589,0
5320,0
11895,0
18583,0
11897,0
5328,0
5329,0
20186,0
20187,0
20182,0
20188,0
13036,0
13030,0
18725,0
18727,0
18721,0
28788,0
17802,0
3168,0
28780,0
3164,0
28783,0
3162,0
28785,0
28786,0
28787,0
27518,0
27519,0
20234,0
27515,0
20230,0
27513,0
733,0
735,0
739,0
23520,0
23525,0
23526,0
23529,0
27634,0
27639,0
13743,0
25857,0
25856,0
25855,0
25854,0
25853,0
13740,0
29163,0
29167,0
8566,0
8565,0
15263,0
26300,0
27188,0
4058,0
12818,0
7471,0
7473,0
7474,0
7475,0
7477,0
16518,0
16519,0
19728,0
11172,0
19726,0
19095,0
19725,0
19722,0
19093,0
22691,0
22692,0
11177,0
6635,0
6636,0
26581,0
26587,0
26588,0
28376,0
24726,0
24724,0
24725,0
24720,0
24532,0
21005,0
19544,0
15000,0
2008,0
22076,0
22072,0
13635,0
2326,0
2329,0
4708,0
8931,0
3760,0
3761,0
3766,0
21912,0
21916,0
21914,0
17649,0
17391,0
17390,0
17392,0
17394,0
17645,0
17396,0
2498,0
13559,0
2491,0
13552,0
13551,0
4641,0
2495,0
4647,0
19894,0
19897,0
19893,0
11773,0
11775,0
7893,0
11777,0
5152,0
17028,0
116,0
111,0
20750,0
119,0
20756,0
11907,0
20535,0
20531,0
18418,0
7271,0
12551,0
7278,0
15274,0
8557,0
15890,0
6830,0
6836,0
15897,0
15899,0
15728,0
29314,0
10557,0
29316,0
10555,0
29311,0
29319,0
10559,0
2869,0
16454,0
8000,0
8822,0
18269,0
8826,0
8824,0
18261,0
18912,0
18265,0
18267,0
15098,0
8778,0
12904,0
15091,0
163,0
7645,0
7648,0
11873,0
5498,0
1747,0
1742,0
1743,0
3306,0
14413,0
24538,0
14417,0
11175,0
11174,0
14419,0
11178,0
24537,0
10310,0
1298,0
3300,0
7299,0
1290,0
1563,0
1566,0
10645,0
10315,0
21506,0
10316,0
13820,0
24020,0
5638,0
13350,0
28196,0
28191,0
28190,0
28192,0
4443,0
8485,0
8486,0
